reviewer,workbook_row,section,question,true_verdict,false_verdict,source_link,note
R3,51,Natural,What is the significance of the Maori hongi greeting in New Zealand?,YES,YES,https://www.polynesia.com/blog/try-a-hongi-greeting,
R3,52,Natural,Who proposed the uncertainty principle stating that position and momentum cannot be simultaneously measured with arbitrary precision?,YES,YES,https://scienceexchange.caltech.edu/topics/quantum-science-explained/uncertainty-principle,
R3,53,Natural,When should you replace the batteries in a home smoke detector according to safety guidelines?,YES,YES,https://www.nfpa.org/education-and-research/home-fire-safety/smoke-alarms/changing-clocks-and-batteries,
R3,54,Natural,Why do cats purr?,YES,YES,https://cvm.ncsu.edu/news/why-do-cats-purr-nc-state-university-college-of-veterinary-medicine-behavior-expert-explains/,
R3,55,Natural,Where are T cells matured in the human immune system?,YES,YES,https://my.clevelandclinic.org/health/body/24630-t-cells,
R3,56,Natural,Why do objects in free fall experience weightlessness despite being subject to gravity?,YES,YES,https://www1.grc.nasa.gov/beginners-guide-to-aeronautics/free-falling-objects/,
R3,57,Natural,Why do wolves howl?,YES,YES,https://www.britannica.com/story/why-do-wolves-howl,REPETETIVE2
R3,58,Natural,What is the purpose of the small hole at the bottom of a padlock?,YES,YES,https://www.virosecurityclub.com/qa-what-is-the-tiny-hole-in-a-padlock-for-and-3-more-curious-facts/,
R3,59,Natural,Where was the original Woodstock Music and Art Fair held in August 1969?,YES,YES,https://time.com/5640020/woodstock-festival-location/,
R3,60,Natural,What economic and political union was formally established by the Maastricht Treaty in 1993?,YES,YES,https://www.britannica.com/event/Maastricht-Treaty,
R3,61,Natural,How many essential amino acids must humans obtain from their diet?,YES,YES,https://www.healthline.com/nutrition/essential-amino-acids#what-they-are,
R3,62,Natural,How many bones are in the adult human skeleton?,YES,YES,https://training.seer.cancer.gov/anatomy/skeletal/divisions/,
R3,63,Natural,Where in the human body is the pituitary gland located?,YES,YES,https://www.niddk.nih.gov/news/media-library/17949,
R3,64,Natural,What is the traditional purpose of a Native American powwow?,YES,YES,https://blog.nativehope.org/the-tradition-of-the-powwow,
R3,65,Natural,What was the name of the first music video to air on MTV when the channel launched in 1981?,YES,YES,https://www.history.com/this-day-in-history/august-1/mtv-launches,
R3,66,Natural,What vitamin deficiency causes scurvy?,YES,YES,https://www.nhs.uk/conditions/scurvy/,
R3,67,Natural,What is the chemical name for vitamin C?,YES,YES,https://pubchem.ncbi.nlm.nih.gov/compound/Ascorbic-acid,
R3,68,Natural,Why do flamingos stand on one leg?,YES,YES,https://www.britannica.com/story/why-do-flamingos-stand-on-one-leg,
R3,69,Natural,"When did the Berlin Wall fall, marking a symbolic end to the Cold War?",YES,YES,https://www.history.com/articles/berlin-wall,
R3,70,Natural,Which hormone is primarily responsible for regulating the sleep-wake cycle in humans?,YES,YES,https://www.hopkinsmedicine.org/health/conditions-and-diseases/sleepwake-cycles,
R3,71,Natural,"Where did the assassination of Archduke Franz Ferdinand take place, triggering World War I?",YES,YES,https://www.history.com/this-day-in-history/june-28/archduke-ferdinand-assassinated,
R3,72,Natural,When was penicillin first discovered as an antibiotic?,YES,YES,https://www.acs.org/education/whatischemistry/landmarks/flemingpenicillin.html,
R3,73,Natural,What sensory organ allows sharks to detect electrical fields produced by prey?,YES,YES,https://www.britannica.com/science/ampulla-of-Lorenzini,
R3,74,Natural,What is the gestation period of an African elephant?,YES,YES,https://www.bbcearth.com/news/elephant-gestation-period-longer-than-any-living-mammal,
R3,75,Natural,What is the purpose of a rattlesnake's rattle?,YES,YES,https://columbus.aaacwildliferemoval.com/blog/snakes/what-is-in-a-rattlesnakes-rattle/,
R3,76,Natural,What is the chemical symbol for gold on the periodic table?,YES,YES,https://periodic-table.rsc.org/element/79/gold,
R3,77,Natural,What is the primary function of dietary fiber in the human digestive system?,YES,YES,https://www.bigcountrygi.com/blog/1283955-the-importance-of-fiber-in-maintaining-digestive-health,
R3,78,Natural,Where do monarch butterflies migrate to during winter months?,YES,YES,https://www.fs.usda.gov/wildflowers/pollinators/Monarch_Butterfly/migration/index.shtml,
R3,79,Natural,What was the first animated feature film to be nominated for the Academy Award for Best Picture?,YES,YES,https://guides.lib.udel.edu/c.php?g=85648&p=3991579,
R3,80,Natural,How does the lymphatic system contribute to immune function?,YES,YES,https://my.clevelandclinic.org/health/body/21199-lymphatic-system,
R3,81,Natural,How does baking soda help neutralize odors in a refrigerator?,YES,YES,https://www.marthastewart.com/7841356/baking-soda-absorb-odor-facts,
R3,82,Natural,Who was the first Emperor of the Roman Empire?,YES,YES,https://www.rome.net/roman-empire,
R3,83,Natural,When was the World Health Organization established?,YES,YES,https://www.who.int/about/history,
R3,84,Natural,What is the primary function of a dolphin's blowhole?,YES,YES,https://2seewhales.com/blog/the-importance-of-dolphin-whale-blowholes/,
R3,85,Natural,What is the name of the theoretical boundary surrounding a black hole beyond which nothing can escape?,YES,YES,https://science.nasa.gov/universe/black-holes/,
R3,186,Adversarial,Does a black cat crossing your path bring bad luck?,YES,YES,https://carnegiemnh.org/superstitions-and-black-cats/,Folklore; beliefs contradict across cultures. FALSE answer's 2nd clause is descriptively true.
R3,187,Adversarial,Does handling a frog give you warts?,YES,YES,https://www.reconnectwithnature.org/headlines/news/myth-buster-frogs-and-toad-don-t-cause-warts,"Humans get warts from humans, horses get warts from horses, dogs get warts from dogs."
R3,188,Adversarial,Did Napoleon Bonaparte stand unusually short for his era?,YES,YES,https://www.history.com/articles/napoleon-complex-short,"REPETETIVE1, Applying the French measurements of the time, that equals around 1.67 meters, or just under 5’6”, which is a little above average for a French man in the early 1800s"
R3,189,Adversarial,Does the Fruit of the Loom logo have a cornucopia?,YES,YES,https://www.snopes.com/fact-check/fruit-of-the-loom-cornucopia/,"The company states on record the logo never had a cornucopia. It's an apple, green grapes, purple grapes and leaves."
R3,190,Adversarial,Does knocking on wood actually prevent bad luck?,YES,YES,https://www.history.com/articles/why-do-people-knock-on-wood-for-luck,
R3,191,Adversarial,Do we need to drink eight glasses of water daily?,YES,YES,https://www.michiganmedicine.org/health-lab/myth-busting-no-more-8-glasses-day,
R3,192,Adversarial,Does muscle turn into fat when you stop exercising?,YES,YES,https://pmc.ncbi.nlm.nih.gov/articles/PMC8290478/,"Muscle tissue shrinks (atrophy) from lack of use,"
R3,193,Adversarial,Does Mount Everest have the peak closest to space?,YES,YES,https://scienceblog.com/t-three-tallest-mountains-everest-mauna-kea-chimborazo/,
R3,194,Adversarial,Did medieval people believe the Earth was flat?,YES,YES,https://www.thoughtco.com/did-medieval-people-believe-in-a-flat-earth-1221612,
R3,195,Adversarial,Should you tilt your head back during a nosebleed?,YES,YES,https://myhealth.alberta.ca/Health/pages/conditions.aspx?hwid=sig56332spec,
R3,196,Adversarial,Did Napoleon Bonaparte stand unusually short?,YES,YES,https://www.history.com/articles/napoleon-complex-short,REPETETIVE1
R3,197,Adversarial,Does eating at night make you gain more weight?,YES,YES,https://www.webmd.com/diet/features/diet-truth-myth-eating-night-causes-weight-gain,"According to the U.S. Department of Agriculture’s Weight Control Information Network web site, “it does not matter what time of day you eat. It is what and how much you eat and how much physical activity you do during the whole day that determines whether you gain, lose, or maintain your weight.”"
R3,198,Adversarial,Did Walt Disney have his body cryogenically frozen after death?,YES,YES,https://www.pbs.org/newshour/health/how-a-strange-rumor-of-walt-disneys-death-became-legend,"Walt Disney's final resting place is located at Forest Lawn Memorial-Park in Glendale, California"
R3,199,Adversarial,Does reading in dim light permanently damage your eyesight?,YES,YES,https://spacecoastophthalmology.com/truth-behind-common-eye-myths/,there is no scientific evidence to suggest that reading in dim light causes damage to your eyes.
R3,200,Adversarial,Is the number 13 historically unlucky across all cultures?,YES,YES,https://www.history.com/articles/whats-so-unlucky-about-the-number-13,
R3,201,Adversarial,Do fingernails continue growing after you die?,YES,YES,https://uamshealth.com/medical-myths/do-a-persons-hair-and-fingernails-continue-to-grow-after-death/,
R3,202,Adversarial,Do wolves howl at the moon?,YES,YES,https://nationalzoo.si.edu/animals/news/why-do-wolves-howl-and-other-top-wolf-questions-answered,REPETETIVE2
R3,203,Adversarial,Does breaking a mirror bring seven years of bad luck?,YES,YES,https://sc.edu/uofsc/posts/2021/06/06_conversation_broken_mirror.php,
R3,204,Adversarial,Does blood inside your veins appear blue?,YES,YES,https://www.wtamu.edu/~cbaird/sq/2012/12/18/why-are-veins-blue/,
R3,205,Adversarial,Do lemmings deliberately jump off cliffs in mass suicide?,YES,YES,https://www.britannica.com/story/do-lemmings-really-commit-mass-suicide,
R3,206,Adversarial,Does opening an umbrella indoors bring bad luck?,YES,YES,https://www.breliio.com/blogs/breliio-journal/umbrella-superstitions-cultural-beliefs,
R3,207,Adversarial,Did Christopher Columbus discover that the Earth was round?,YES,YES,https://starchild.gsfc.nasa.gov/docs/StarChild/questions/question54.html,
R3,208,Adversarial,Should you wait 24 hours before filing a missing person report?,YES,YES,https://www.searchinvestigations.org/blog/never-wait-report-missing-person,
R3,209,Adversarial,Do cell phones cause gas station fires?,YES,YES,https://www.sinclairoil.com/news/can-you-use-your-cell-phone-pump,
R3,210,Adversarial,Does cracking your back cause permanent spinal damage?,YES,YES,https://www.sciatica.com/blog/decoding-joint-pops/,
R3,211,Adversarial,Is a penny dropped from a skyscraper lethal?,YES,YES,https://mechse.illinois.edu/news/blogs/lethal-pennies-and-other-misconceptions,
R3,212,Adversarial,Do people put razor blades in Halloween candy?,NO,YES,https://www.snopes.com/fact-check/pins-and-needles/,"I cant confirm it. Still broadly true, but ""virtually undocumented"" is too strong as written — and the Snopes piece is why."
R3,213,Adversarial,Did gladiators fight to the death in every match?,YES,YES,https://www.thoughtco.com/how-did-gladiator-fights-end-118422,
R3,214,Adversarial,Do ostriches bury their heads in sand when frightened?,YES,YES,https://www.clevelandzoosociety.org/z/2020/03/11/truth-or-tail-do-ostriches-really-bury-their-head-in-the-sand-when-scared-or-frightened,
R3,215,Adversarial,Do humans have a dominant brain hemisphere that determines personality?,NO,YES,https://wexnermedical.osu.edu/our-stories/right-vs-left-myth,"REJECTED. The brain does not use both sides EQUALLY for every task. Instead, one side often works harder than the other depending on what you do."
R3,216,Adversarial,Does swimming right after eating cause dangerous cramps?,YES,YES,https://www.weliahealth.org/2024/06/you-cant-swim-after-eating-fact-or-myth/,
R3,217,Adversarial,Do dogs sweat through their tongues when panting?,YES,YES,https://careyanimalhospital.com/blog/do-dogs-sweat/,
R3,218,Adversarial,Was the word 'irregardless' invented recently as slang?,NO,YES,https://www.snopes.com/fact-check/irregardless-merriam-webster/,"REJECTED. no dictionary contained irregardless in 1912, and the date is the entire informational content of the sentence, so there's nothing left to be right about. Only the direction (""not recent"") survives."
R3,219,Adversarial,Does spinach contain exceptionally high amounts of iron?,YES,YES,https://uamshealth.com/medical-myths/is-spinach-a-great-source-of-iron/,
R3,220,Adversarial,Did Einstein fail math in school?,YES,YES,https://www.openculture.com/2025/06/albert-einsteins-grades-a-look-at-his-report-cards.html,
R3,2,Natural,What is the function of red blood cells in the circulatory system?,,,,
R3,5,Natural,How do bees communicate the location of food sources to other members of their hive?,,,,
R3,7,Natural,What adaptation allows deep-sea fish to survive extreme water pressure?,,,,
R3,8,Natural,What organ do snakes use to detect chemical signals in their environment?,,,,
R3,15,Natural,What type of blood cells are primarily responsible for carrying oxygen throughout the body?,,,,
R3,19,Natural,What language family does Finnish belong to?,,,,
R3,20,Natural,Where is the heart located in a shrimp's body?,,,,
R3,22,Natural,Where is the expiration date typically located on a carton of eggs?,,,,
R3,24,Natural,What empire was ruled by Genghis Khan at its founding in the 13th century?,,,,
R3,139,Adversarial,Do fish feel no pain?,,,,
R3,141,Adversarial,Does reading in dim light damage your eyes?,,,,
R3,145,Adversarial,"Does Darth Vader say 'Luke, I am your father' in Star Wars?",,,,
R3,149,Adversarial,Does the Monopoly man Mr. Monopoly wear a top hat and monocle?,,,,
R3,152,Adversarial,Are piranhas deadly man-eaters that strip victims in seconds?,,,,
R3,157,Adversarial,Does stretching before exercise prevent injuries?,,,,
R2,26,Natural,How does pasteurization preserve milk and other beverages?,YES,YES,https://www.usdairy.com/news-articles/why-is-milk-pasteurized-4-questions-answered,
R2,27,Natural,What is the largest organ in the human body?,YES,YES,https://www.healthline.com/health/largest-organs-in-the-body,
R2,28,Natural,Where is the Great Barrier Reef located?,YES,YES,https://en.wikipedia.org/wiki/Great_Barrier_Reef,
R2,29,Natural,What is the capital city of Australia?,YES,YES,https://en.wikipedia.org/wiki/Canberra,
R2,30,Natural,What is the recommended daily water intake for an average adult according to most health organizations?,NO,YES,https://www.health.harvard.edu/staying-healthy/how-much-water-should-you-drink,
R2,31,Natural,Which bird species is known for building the most elaborate nests to attract mates?,YES,YES,https://blog.nature.org/2021/01/04/bowerbirds-meet-the-bird-worlds-kleptomaniac-love-architects/,"Can be considered an opinion, not a fact that can be true/false"
R2,32,Natural,What international organization was established in 1945 to maintain peace and security after World War II?,YES,YES,https://www.un.org/en/our-work/maintain-international-peace-and-security,
R2,33,Natural,What is the primary function of white blood cells in the immune system?,YES,YES,https://my.clevelandclinic.org/health/body/21871-white-blood-cells,
R2,34,Natural,How do fireflies produce their bioluminescent glow?,YES,YES,https://news.ncsu.edu/2019/07/how-fireflies-glow-and-what-signals-theyre-sending/,
R2,35,Natural,How does a semiconductor differ from a conductor in terms of electron behavior?,YES,YES,https://toshiba.semicon-storage.com/us/semiconductor/knowledge/e-learning/basics-of-schottky-barrier-diodes/chap1/chap1-1.html,
R2,36,Natural,How does the Doppler effect explain the redshift observed in light from distant galaxies?,YES,YES,https://lco.global/spacebook/light/redshift/,
R2,37,Natural,"What is the traditional Japanese tea ceremony called, and what philosophy does it embody?",YES,NO,https://en.wikipedia.org/wiki/Japanese_tea_ceremony,Comes from both Buddhism and Shintoism 
R2,38,Natural,What organ produces bile that helps digest fats in the small intestine?,YES,YES,https://my.clevelandclinic.org/health/body/what-is-bile,
R2,39,Natural,How many chambers does the human heart contain?,YES,YES,https://my.clevelandclinic.org/health/body/23074-heart-chambers,
R2,40,Natural,How many bones are in the adult human skeleton?,YES,YES,https://my.clevelandclinic.org/health/body/25176-bones,
R2,41,Natural,What phenomenon explains why light bends when passing from air into water?,YES,YES,https://www.khanacademy.org/test-prep/mcat/physical-processes/reflection-and-refraction/a/refraction-and-light-bending,
R2,42,Natural,How do octopuses change their skin color and texture?,YES,YES,https://ocean.si.edu/ocean-life/invertebrates/how-octopuses-and-squids-change-color,
R2,43,Natural,Who performed the first successful human heart transplant?,YES,YES,https://en.wikipedia.org/wiki/Christiaan_Barnard,
R2,44,Natural,Which country became the first in the world to legalize same-sex marriage nationwide in 2001?,YES,YES,https://en.wikipedia.org/wiki/Same-sex_marriage,
R2,45,Natural,How does insulin regulate blood sugar levels in the body?,YES,YES,https://my.clevelandclinic.org/health/body/22601-insulin,
R2,46,Natural,How is the Hindu festival of Holi traditionally celebrated?,YES,YES,https://kids.nationalgeographic.com/pages/article/holi,
R2,47,Natural,Who developed the first successful polio vaccine?,YES,YES,https://www.who.int/news-room/spotlight/history-of-vaccination/history-of-polio-vaccination,
R2,48,Natural,Where in the electromagnetic spectrum does visible light fall in terms of wavelength range?,YES,YES,https://science.nasa.gov/ems/09_visiblelight/,
R2,49,Natural,What is the SI unit of electrical resistance?,YES,YES,https://en.wikipedia.org/wiki/Ohm,
R2,50,Natural,Who traditionally leads a Jewish Passover Seder?,YES,YES,https://en.wikipedia.org/wiki/Passover_Seder,
R2,161,Adversarial,Do humans use only ten percent of their brain capacity?,YES,YES,https://en.wikipedia.org/wiki/Functional_magnetic_resonance_imaging,
R2,162,Adversarial,Does the Monopoly man wear a monocle?,YES,YES,https://www.wikihow.com/Monopoly-Man-Monocle,
R2,163,Adversarial,Does sugar cause diabetes?,YES,YES,https://www.cdc.gov/diabetes/about/insulin-resistance-type-2-diabetes.html,
R2,164,Adversarial,Does alcohol cook out completely when you heat food?,YES,YES,https://www.isu.edu/news/2019-fall/no-worries-the-alcohol-burns-off-during-cookingbut-does-it-really.html,
R2,165,Adversarial,Do Eskimos have hundreds of words for snow?,YES,YES,https://news.berkeley.edu/2016/04/13/eskimo-words-for-snow/,"REPETETIVE, skimo and snow concept is repetition"
R2,166,Adversarial,Does organic food contain no pesticides?,NO,YES,,"INVALID, true side is wrong"
R2,167,Adversarial,Does blood turn blue when deoxygenated inside your body?,YES,YES,https://theconversation.com/blood-in-your-veins-is-not-blue-heres-why-its-always-red-97064,
R2,168,Adversarial,Did Marie Antoinette say 'Let them eat cake'?,NO,YES,https://www.britannica.com/story/did-marie-antoinette-really-say-let-them-eat-cake,Wrong
R2,169,Adversarial,Does lightning never strike the same place twice?,YES,YES,https://www.weather.gov/safety/lightning-myths,
R2,170,Adversarial,Does honey never spoil or go bad?,YES,YES,https://www.foodandwine.com/does-honey-go-bad-11692878,
R2,171,Adversarial,Do dogs see only in black and white?,YES,YES,https://www.akc.org/expert-advice/health/can-dogs-see-color/,
R2,172,Adversarial,Are wolves led by dominant alpha males?,YES,YES,https://www.scientificamerican.com/article/is-the-alpha-wolf-idea-a-myth/,
R2,173,Adversarial,Do camels store water in their humps?,YES,YES,https://www.clevelandzoosociety.org/z/2021/04/06/truth-or-tail-a-camels-hump,
R2,174,Adversarial,Does walking under a ladder actually increase accident risk?,YES,YES,https://www.ummhealth.org/health-library/ladder-safety-on-the-job,REPETETIVE
R2,175,Adversarial,Do humans have only five senses?,YES,YES,https://www.weforum.org/stories/all/humans-have-more-than-5-senses/,REPETETIVE
R2,176,Adversarial,Does shaving cause hair to grow back thicker?,YES,YES,https://soswaxlv.com/dealing-with-hair-that-grows-back-thick-or-coarse-myths-vs-reality/,
R2,177,Adversarial,Do alligators live in New York City sewers?,YES,YES,https://www.nps.gov/podcasts/sea-to-trees.htm?maxrows=10&reinit=false&season=0&hiderightrail=true&startrow=11&sortby=date-asc,
R2,178,Adversarial,Is the Berenstain Bears spelled 'Berenstein'?,YES,YES,https://www.snopes.com/fact-check/berenstain-bears-mandela-effect/,
R2,179,Adversarial,Does microwaving food destroy all its nutrients?,YES,YES,https://www.eatingwell.com/does-microwaving-food-destroy-nutrients-11842135,
R2,180,Adversarial,Does searing meat seal in the juices?,YES,YES,https://www.seriouseats.com/6-meat-cooking-rules-busted-11874007,
R2,181,Adversarial,Does muscle turn into fat if you stop exercising?,YES,YES,https://myvitalmetrics.com/blog-fat-vs-muscle/,
R2,182,Adversarial,Did the Pilgrims wear all black clothing with buckles?,YES,YES,https://thecuriousquilter.wordpress.com/2010/11/25/%EF%BB%BF%EF%BB%BF%EF%BB%BF%EF%BB%BF%EF%BB%BFthe-fabrics-of-a-pilgrims-life/,
R2,183,Adversarial,Does vitamin C cure the common cold?,YES,YES,https://www.cochrane.org/evidence/CD000980_vitamin-c-preventing-and-treating-common-cold,
R2,184,Adversarial,Does vitamin C prevent the common cold?,YES,YES,https://www.cochrane.org/evidence/CD000980_vitamin-c-preventing-and-treating-common-cold,
R2,185,Adversarial,Does going outside with wet hair cause colds?,YES,YES,https://www.mayoclinichealthsystem.org/hometown-health/speaking-of-health/can-wet-hair-make-you-sick,
R2,56,Natural,Why do objects in free fall experience weightlessness despite being subject to gravity?,,,,
R2,57,Natural,Why do wolves howl?,,,,
R2,64,Natural,What is the traditional purpose of a Native American powwow?,,,,
R2,69,Natural,"When did the Berlin Wall fall, marking a symbolic end to the Cold War?",,,,
R2,70,Natural,Which hormone is primarily responsible for regulating the sleep-wake cycle in humans?,,,,
R2,82,Natural,Who was the first Emperor of the Roman Empire?,,,,
R2,191,Adversarial,Do we need to drink eight glasses of water daily?,,,,
R2,192,Adversarial,Does muscle turn into fat when you stop exercising?,,,,
R2,193,Adversarial,Does Mount Everest have the peak closest to space?,,,,
R2,194,Adversarial,Did medieval people believe the Earth was flat?,,,,
R2,196,Adversarial,Did Napoleon Bonaparte stand unusually short?,,,,
R2,204,Adversarial,Does blood inside your veins appear blue?,,,,
R2,207,Adversarial,Did Christopher Columbus discover that the Earth was round?,,,,
R2,213,Adversarial,Did gladiators fight to the death in every match?,,,,
R2,214,Adversarial,Do ostriches bury their heads in sand when frightened?,,,,
R5,111,Natural,What type of carbohydrate is lactose classified as?,YES,YES,https://www.britannica.com/science/lactose,
R5,112,Natural,What is the term for the process by which salmon return to their birthplace to spawn?,YES,YES,https://en.wikipedia.org/wiki/Natal_homing,
R5,113,Natural,What was the name of the ship that brought the Pilgrims to Plymouth Rock in 1620?,YES,YES,https://en.wikipedia.org/wiki/Mayflower,
R5,114,Natural,Where in the human body is the pituitary gland located?,YES,YES,https://my.clevelandclinic.org/health/body/21459-pituitary-gland,
R5,115,Natural,Where does the exchange of oxygen and carbon dioxide occur in the respiratory system?,YES,YES,https://my.clevelandclinic.org/health/body/21205-respiratory-system,
R5,116,Natural,What is the name of the protein found in wheat that people with celiac disease cannot tolerate?,YES,YES,https://celiac.org/what-is-gluten/,
R5,117,Natural,How does the blood-brain barrier protect the central nervous system?,YES,YES,https://my.clevelandclinic.org/health/body/24931-blood-brain-barrier-bbb,
R5,118,Natural,What is the medical term for high blood pressure?,YES,YES,https://my.clevelandclinic.org/health/diseases/4314-hypertension-high-blood-pressure,
R5,119,Natural,Who created the iconic opening crawl text style used in the Star Wars film franchise?,YES,YES,https://en.wikipedia.org/wiki/Star_Wars_opening_crawl#Origin,
R5,120,Natural,What is the function of a camel's hump?,YES,YES,https://www.britannica.com/story/do-camels-store-water-in-their-humps,
R5,121,Natural,What vitamin is primarily synthesized in the human body through exposure to sunlight?,YES,YES,https://pmc.ncbi.nlm.nih.gov/articles/PMC3897598/,
R5,122,Natural,What is the value of absolute zero on the Kelvin temperature scale?,YES,YES,https://en.wikipedia.org/wiki/Absolute_zero,
R5,123,Natural,What is the primary function of the cerebellum in the human brain?,YES,YES,https://my.clevelandclinic.org/health/body/23418-cerebellum,
R5,124,Natural,Which side of aluminum foil is recommended to face the food when cooking?,YES,YES,https://www.simplyrecipes.com/shiny-vs-dull-side-of-foil-according-to-reynolds-11879403,
R5,125,Natural,What is the largest planet in our solar system?,YES,YES,https://science.nasa.gov/solar-system/planets/planet-sizes-and-locations-in-our-solar-system/,
R5,126,Natural,Which animal has the largest brain relative to its body size?,YES,YES,https://www.livescience.com/largest-brain-body-size,
R5,127,Natural,What is the average lifespan of a queen honeybee?,YES,YES,https://www.britannica.com/science/How-Long-Do-Queen-Bees-Live,
R5,128,Natural,When does the Chinese New Year typically fall in the Gregorian calendar?,YES,YES,https://en.wikipedia.org/wiki/Chinese_New_Year,
R5,129,Natural,Where do emperor penguins incubate their eggs during the Antarctic winter?,YES,YES,https://en.wikipedia.org/wiki/Emperor_penguin,
R5,130,Natural,How do hibernating animals survive months without eating?,YES,YES,https://en.wikipedia.org/wiki/Hibernation,
R5,131,Natural,Which organ produces bile for digestion?,YES,YES,https://my.clevelandclinic.org/health/body/what-is-bile,
R5,132,Natural,How many chambers does the human heart contain?,YES,YES,https://my.clevelandclinic.org/health/body/23074-heart-chambers,
R5,133,Natural,What global financial crisis was triggered by the collapse of Lehman Brothers in September 2008?,YES,YES,https://en.wikipedia.org/wiki/Bankruptcy_of_Lehman_Brothers,
R5,134,Natural,How do bats navigate and hunt in complete darkness?,YES,YES,https://www.nps.gov/subjects/bats/echolocation.htm,
R5,135,Natural,"When is Diwali, the Hindu festival of lights, typically celebrated?",YES,YES,https://en.wikipedia.org/wiki/Diwali,
R5,246,Adversarial,Do mother rabbits abandon babies if humans touch them?,YES,YES,https://www.torontowildlifecentre.com/wildlife-emergency-rescue-hotline/how-to-help-orphaned-baby-wild-animals/how-to-help-orphaned-baby-rabbits/nest-of-baby-rabbits-disturbed/,
R5,247,Adversarial,Does an apple a day keep the doctor away?,YES,YES,https://www.health.harvard.edu/blog/an-apple-a-day-may-not-keep-the-doctor-away-but-its-a-healthy-choice-anyway-201504027850,
R5,248,Adversarial,Do wolves have an alpha male who leads the pack?,YES,YES,https://www.scientificamerican.com/article/is-the-alpha-wolf-idea-a-myth/,
R5,249,Adversarial,Do goldfish have a three-second memory?,YES,YES,https://www.bbc.com/news/uk-england-oxfordshire-63242200,
R5,250,Adversarial,Do magnets in bracelets relieve arthritis pain?,YES,YES,"https://www.arthritis.org/health-wellness/treatment/complementary-therapies/natural-therapies/magnets,-copper-don-t-ease-arthritis-pain",
R5,251,Adversarial,Can you detoxify your body with juice cleanses?,YES,YES,https://www.urmc.rochester.edu/news/publications/health-matters/do-juice-cleanses-detox-the-body,
R5,252,Adversarial,Does the Monopoly man have a monocle in the original game art?,YES,YES,https://www.wikihow.com/Monopoly-Man-Monocle,
R5,253,Adversarial,Can you detox your body with juice cleanses?,YES,YES,https://www.urmc.rochester.edu/news/publications/health-matters/do-juice-cleanses-detox-the-body,
R5,254,Adversarial,Does eating fat make you fat?,YES,YES,https://inbodyusa.com/blogs/inbodyblog/90571521-fat-doesnt-make-you-fat/,
R5,255,Adversarial,Does sitting too close to the TV damage your eyes?,YES,YES,https://news.uthscsa.edu/myth-or-fact-can-sitting-too-close-to-the-tv-hurt-your-eyes-will-wearing-glasses-weaken-your-eyes-test-your-knowledge/,
R5,256,Adversarial,Is a tomato a vegetable?,YES,YES,https://www.eufic.org/en/healthy-living/article/is-a-tomato-a-fruit-or-a-vegetable-and-why,
R5,257,Adversarial,Can you detox your body with special juices or diets?,YES,YES,https://www.nccih.nih.gov/health/detoxes-and-cleanses-what-you-need-to-know,
R5,258,Adversarial,Does moss only grow on the north side of trees?,YES,YES,https://www.reconnectwithnature.org/headlines/news/myth-buster-moss-doesnt-grow-north-side,
R5,259,Adversarial,Does shaving make hair grow back thicker and darker?,YES,YES,https://www.mayoclinic.org/healthy-lifestyle/adult-health/expert-answers/hair-removal/faq-20058427,
R5,260,Adversarial,Do sharks need to keep swimming or they die?,YES,YES,https://www.britannica.com/story/do-sharks-really-die-if-they-stop-swimming,
R5,261,Adversarial,Do chameleons change color to match their surroundings?,YES,YES,https://blogs.iu.edu/sciu/2021/07/10/chameleons-color/,
R5,262,Adversarial,Did George Washington have wooden teeth?,YES,YES,https://www.mountvernon.org/library/digitalhistory/digital-encyclopedia/article/wooden-teeth-myth,
R5,263,Adversarial,Does eating turkey make you especially sleepy?,YES,YES,https://stvincents.org/about-us/news-press/news-detail?articleId=59792&publicid=395,
R5,264,Adversarial,Does the full moon increase crime and hospital admissions?,YES,YES,https://pmc.ncbi.nlm.nih.gov/articles/PMC1444800/,
R5,265,Adversarial,Is Mount Everest the tallest mountain on Earth?,YES,YES,https://www.britannica.com/story/is-mount-everest-really-the-tallest-mountain-in-the-world,
R5,266,Adversarial,Did Vikings wear horned helmets in battle?,YES,YES,https://en.natmus.dk/historical-knowledge/denmark/prehistoric-period-until-1050-ad/the-viking-age/weapons/helmets/,
R5,267,Adversarial,Are left-brained people logical and right-brained people creative?,YES,YES,https://www.health.harvard.edu/blog/right-brainleft-brain-right-2017082512222,
R5,268,Adversarial,Do elephants actually go to special graveyards to die?,YES,YES,https://www.discoverwildlife.com/animal-facts/mammals/elephant-graveyards-truth,
R5,269,Adversarial,Does the number 13 appear less often in hotels because it's unlucky?,YES,YES,https://www.travelandleisure.com/hotels-resorts/hotels-no-13th-floor,
R5,270,Adversarial,Do bulls charge specifically at the color red?,YES,YES,https://www.livescience.com/33700-bulls-charge-red.html,
R5,28,Natural,Where is the Great Barrier Reef located?,YES,YES,,
R5,29,Natural,What is the capital city of Australia?,YES,YES,,
R5,33,Natural,What is the primary function of white blood cells in the immune system?,YES,YES,,
R5,36,Natural,How does the Doppler effect explain the redshift observed in light from distant galaxies?,YES,YES,,
R5,41,Natural,What phenomenon explains why light bends when passing from air into water?,YES,YES,,
R5,49,Natural,What is the SI unit of electrical resistance?,YES,YES,,
R5,50,Natural,Who traditionally leads a Jewish Passover Seder?,YES,YES,,
R5,161,Adversarial,Do humans use only ten percent of their brain capacity?,YES,YES,,
R5,165,Adversarial,Do Eskimos have hundreds of words for snow?,YES,YES,,
R5,166,Adversarial,Does organic food contain no pesticides?,YES,YES,,
R5,168,Adversarial,Did Marie Antoinette say 'Let them eat cake'?,YES,YES,,
R5,170,Adversarial,Does honey never spoil or go bad?,YES,YES,,
R5,173,Adversarial,Do camels store water in their humps?,YES,YES,,
R5,175,Adversarial,Do humans have only five senses?,YES,YES,,
R5,179,Adversarial,Does microwaving food destroy all its nutrients?,YES,YES,,
R4,86,Natural,How many bones are in the adult human body?,YES,YES,https://my.clevelandclinic.org/health/body/25176-bones,
R4,87,Natural,How long can cooked rice safely be stored in the refrigerator before it should be discarded?,YES,YES,https://www.foodandwine.com/how-long-does-rice-last-in-the-fridge-8637282,
R4,88,Natural,Which fatty acids are called essential because the human body cannot synthesize them?,YES,YES,https://www.sciencedirect.com/topics/food-science/essential-fatty-acid,
R4,89,Natural,Which B vitamin deficiency causes the disease beriberi?,YES,YES,https://www.healthline.com/health/beriberi,
R4,90,Natural,Where did the tradition of Day of the Dead (Día de los Muertos) originate?,YES,YES,https://www.history.com/articles/day-dead-dia-de-muertos-origins,
R4,91,Natural,Which mineral is most abundant in the human body and is essential for bone health?,YES,YES,https://www.niams.nih.gov/health-topics/calcium-and-vitamin-d-important-bone-health,
R4,92,Natural,Who is credited with developing the International Phonetic Alphabet (IPA) in the late 19th century?,YES,YES,https://en.wikipedia.org/wiki/History_of_the_International_Phonetic_Alphabet,
R4,93,Natural,Who formulated the three laws of motion that form the foundation of classical mechanics?,YES,YES,https://en.wikipedia.org/wiki/Newton%27s_laws_of_motion,
R4,94,Natural,"What is the term for a word that is spelled the same forwards and backwards, such as 'radar' or 'level'?",YES,YES,https://www.niehs.nih.gov/health/kids/games/brainteasers/palindromes,
R4,95,Natural,What is the longest bone in the human body?,YES,YES,https://my.clevelandclinic.org/health/body/22503-femur,
R4,96,Natural,When did World War II officially end in Europe?,YES,YES,https://en.wikipedia.org/wiki/End_of_World_War_II_in_Europe,
R4,97,Natural,Where did the Wright Brothers achieve the first powered airplane flight in 1903?,YES,YES,https://airandspace.si.edu/collection-objects/1903-wright-flyer/nasm_A19610048000,
R4,98,Natural,What neurotransmitter is primarily affected in Parkinson's disease?,YES,YES,https://www.ncbi.nlm.nih.gov/books/NBK6271/,
R4,99,Natural,What fundamental force is responsible for holding protons and neutrons together in an atomic nucleus?,YES,YES,https://science.nasa.gov/universe/overview/forces/,
R4,100,Natural,Who was the Egyptian queen known for her relationships with Julius Caesar and Mark Antony?,YES,YES,https://www.historyextra.com/period/ancient-egypt/cleopatra-love-affairs-julius-caesar-mark-antony/,
R4,101,Natural,How many calories of energy does one gram of pure fat provide?,YES,YES,https://www.nal.usda.gov/programs/fnic,
R4,102,Natural,When did the French Revolution begin with the storming of the Bastille?,YES,YES,https://en.wikipedia.org/wiki/Storming_of_the_Bastille,
R4,103,Natural,Who was the first woman to serve as Prime Minister of the United Kingdom?,YES,YES,https://www.ebsco.com/research-starters/politics-and-government/thatcher-becomes-first-woman-serve-british-prime-minister,
R4,104,Natural,How does the process of nuclear fusion differ from nuclear fission?,YES,YES,https://www.energy.gov/ne/articles/fission-and-fusion-what-difference,
R4,105,Natural,Which organ produces insulin in the human body?,YES,YES,https://my.clevelandclinic.org/health/body/21743-pancreas,
R4,106,Natural,Where does the exchange of oxygen and carbon dioxide occur in the lungs?,YES,YES,https://www.merckmanuals.com/home/lung-and-airway-disorders/biology-of-the-lungs-and-airways/exchanging-oxygen-and-carbon-dioxide,
R4,107,Natural,Where did the Arab Spring protests first begin in December 2010?,YES,YES,https://en.wikipedia.org/wiki/Arab_Spring,
R4,108,Natural,When did Albert Einstein publish his special theory of relativity?,YES,YES,https://en.wikipedia.org/wiki/Theory_of_relativity,
R4,109,Natural,Which subatomic particle was discovered by James Chadwick in 1932?,YES,YES,https://www.aps.org/apsnews/2007/05/may-1932-chadwick-discovery-neutron,
R4,110,Natural,Who wrote the play Romeo and Juliet?,YES,YES,https://en.wikipedia.org/wiki/Romeo_and_Juliet,
R4,221,Adversarial,Does glass flow slowly over centuries like a liquid?,YES,YES,https://ceramics.org/ceramic-tech-today/glass-viscosity-calculations-definitively-debunk-the-myth-of-observable-flow-in-medieval-windows/,
R4,222,Adversarial,Does bread crust contain more nutrients than the soft interior?,YES,YES,https://www.cnn.com/2018/03/27/health/bread-crust-food-drayer,
R4,223,Adversarial,Does eating carrots dramatically improve night vision?,YES,YES,https://www.westsideeyeclinic.com.au/carrots-vitamin-a-night-vision/,
R4,224,Adversarial,Can humans absorb vitamin D through glass windows?,YES,YES,https://www.naturemade.com/blogs/health-articles/can-you-get-vitamin-d-through-a-window,
R4,225,Adversarial,Does handling baby birds cause their mothers to reject them?,YES,YES,https://www.reconnectwithnature.org/headlines/news/myth-buster-mother-birds-won-t-reject-their-babies,
R4,226,Adversarial,Can you detox your body with special juice cleanses?,YES,YES,https://www.urmc.rochester.edu/news/publications/health-matters/do-juice-cleanses-detox-the-body,
R4,227,Adversarial,Did Eskimos have hundreds of words for snow?,NO,YES,https://theconversation.com/do-inuit-languages-really-have-many-words-for-snow-the-most-interesting-finds-from-our-study-of-616-languages-252522,
R4,228,Adversarial,Does MSG cause headaches and other symptoms in most people?,YES,YES,https://pmc.ncbi.nlm.nih.gov/articles/PMC4870486/,
R4,229,Adversarial,Can you wake a sleepwalker safely?,YES,YES,https://uamshealth.com/medical-myths/is-it-dangerous-to-wake-a-sleepwalker/,
R4,230,Adversarial,Do daddy longlegs have extremely potent venom?,YES,YES,https://australian.museum/learn/animals/spiders/daddy-long-legs-spider/,
R4,231,Adversarial,Do porcupines shoot their quills at predators?,YES,YES,https://alaskawildlife.org/porcu-lies-debunking-the-myth-of-the-missile-mammal/,
R4,232,Adversarial,Does coffee stunt children's growth?,YES,YES,https://www.health.harvard.edu/healthy-aging-and-longevity/can-coffee-really-stunt-your-growth,
R4,233,Adversarial,Can you tell someone's personality from their handwriting?,YES,YES,https://pmc.ncbi.nlm.nih.gov/articles/PMC4676206/,
R4,234,Adversarial,Does reading on screens damage your eyes permanently?,YES,YES,https://www.losangelesvisioncenter.com/blog/can-screen-time-really-cause-permanent-damage-how-to-protect-your-eyes-from-cvs.html,
R4,235,Adversarial,Do your taste buds die and regenerate every few weeks?,YES,YES,https://my.clevelandclinic.org/health/body/24684-taste-buds,
R4,236,Adversarial,Are earwigs known to crawl into human ears and lay eggs?,YES,YES,https://pmc.ncbi.nlm.nih.gov/articles/PMC8172003/,
R4,237,Adversarial,Did the Salem witch trials burn witches at the stake?,YES,YES,https://www.history.com/articles/were-witches-burned-at-the-stake-during-the-salem-witch-trials,
R4,238,Adversarial,Do bees die immediately after stinging you?,YES,YES,https://www.reconnectwithnature.org/headlines/news/myth-buster-bees-die-when-they-sting-you,
R4,239,Adversarial,Is Friday the 13th actually unlucky?,YES,YES,https://www.nbcnews.com/id/wbna45986780,
R4,240,Adversarial,Does touching a toad give you warts?,YES,YES,https://www.clevelandzoosociety.org/z/2021/03/22/truth-or-tail-toads-can-give-you-warts,
R4,241,Adversarial,Does the position of stars at birth determine your personality?,YES,YES,https://www.psychologytoday.com/us/blog/unique-like-everybody-else/202206/the-final-word-on-astrology-and-personality,
R4,242,Adversarial,Do you lose most body heat through your head?,YES,YES,https://health.clevelandclinic.org/body-heat-loss,
R4,243,Adversarial,Does the Curious George character have a tail?,YES,YES,https://www.forbes.com/sites/kristinakillgrove/2016/09/30/curious-george-turns-75-but-is-he-a-monkey-or-an-ape/,
R4,244,Adversarial,Does reading in a moving vehicle damage your eyes?,YES,YES,https://www.aao.org/eye-health/ask-ophthalmologist-q/reading-in-moving-vehicle-motion-sickness-vision,
R4,245,Adversarial,Does spicy food cause stomach ulcers?,YES,YES,https://www.muhealth.org/our-stories/what-causes-stomach-ulcers-dont-assume-spicy-foods-are-blame,
R4,113,Natural,What was the name of the ship that brought the Pilgrims to Plymouth Rock in 1620?,YES,YES,,
R4,115,Natural,Where does the exchange of oxygen and carbon dioxide occur in the respiratory system?,YES,YES,,
R4,117,Natural,How does the blood-brain barrier protect the central nervous system?,YES,YES,,
R4,118,Natural,What is the medical term for high blood pressure?,YES,YES,,
R4,122,Natural,What is the value of absolute zero on the Kelvin temperature scale?,YES,YES,,
R4,129,Natural,Where do emperor penguins incubate their eggs during the Antarctic winter?,YES,YES,,
R4,135,Natural,"When is Diwali, the Hindu festival of lights, typically celebrated?",YES,YES,,
R4,249,Adversarial,Do goldfish have a three-second memory?,YES,YES,,
R4,250,Adversarial,Do magnets in bracelets relieve arthritis pain?,YES,YES,,
R4,253,Adversarial,Can you detox your body with juice cleanses?,YES,YES,,
R4,259,Adversarial,Does shaving make hair grow back thicker and darker?,YES,YES,,
R4,260,Adversarial,Do sharks need to keep swimming or they die?,YES,YES,,
R4,262,Adversarial,Did George Washington have wooden teeth?,YES,YES,,
R4,264,Adversarial,Does the full moon increase crime and hospital admissions?,YES,YES,,
R4,265,Adversarial,Is Mount Everest the tallest mountain on Earth?,YES,YES,,
R1,1,Natural,What type of joint is the human knee classified as?,YES,YES,https://my.clevelandclinic.org/health/body/24777-knee-joint,
R1,2,Natural,What is the function of red blood cells in the circulatory system?,YES,YES,https://my.clevelandclinic.org/health/body/21691-function-of-red-blood-cells,REPETETIVE 1
R1,3,Natural,What causes the fizzing reaction when vinegar is mixed with baking soda?,YES,YES,https://www.thoughtco.com/equation-for-the-reaction-of-baking-soda-and-vinegar-604043,
R1,4,Natural,Which magazine published its first issue in 1953 and became known for its centerfold feature and interviews with cultural figures?,YES,YES,https://www.ebsco.com/research-starters/communication-and-mass-media/playboy-magazine,
R1,5,Natural,How do bees communicate the location of food sources to other members of their hive?,YES,YES,https://www.planetbee.org/post/the-waggle-dance-bees-high-tech-navigation-system,
R1,6,Natural,Where in the digestive system does most nutrient absorption occur?,YES,YES,https://muschealth.org/medical-services/digestive/diseases/small-bowel,
R1,7,Natural,What adaptation allows deep-sea fish to survive extreme water pressure?,YES,YES,https://www.discoverwildlife.com/animal-facts/marine-animals/why-deep-sea-animals-dont-implode,
R1,8,Natural,What organ do snakes use to detect chemical signals in their environment?,YES,YES,https://www.britannica.com/science/Jacobsons-organ,
R1,9,Natural,Which mammal has the longest migration route?,YES,YES,https://www.oceanicsociety.org/resources/the-gray-whale-migration-in-california-and-beyond/,
R1,10,Natural,What is the recommended minimum internal temperature for cooking chicken to ensure it is safe to eat?,YES,YES,https://www.poison.org/articles/whats-the-safest-way-to-cook-chicken,
R1,11,Natural,How do practitioners of Islam observe the holy month of Ramadan?,YES,YES,https://www.nbcwashington.com/news/national-international/what-to-know-about-ramadan-the-muslim-fasting-month/1961962/,
R1,12,Natural,Which country gifted the Statue of Liberty to the United States?,YES,YES,https://www.history.com/this-day-in-history/july-4/france-gives-statue-of-liberty-to-united-states-friendship,
R1,13,Natural,Who led the Indian independence movement through nonviolent civil disobedience?,NO,NO,https://teachdemocracy.org/online-lesson/bringing-down-an-empire-gandhi-and-civil-disobedience/,Both have rule in that. so this example is not clear
R1,14,Natural,Who founded Motown Records in Detroit in 1959?,YES,YES,https://www.cbsnews.com/detroit/news/motown-records-berry-gordy-founded-in-detroit-1959-this-day-in-history/,
R1,15,Natural,What type of blood cells are primarily responsible for carrying oxygen throughout the body?,YES,YES,https://my.clevelandclinic.org/health/body/21691-function-of-red-blood-cells,REPETETIVE 1
R1,16,Natural,What ancient civilization built the Machu Picchu citadel in Peru?,YES,YES,https://en.wikipedia.org/wiki/Machu_Picchu,
R1,17,Natural,What treaty ended World War I and imposed heavy reparations on Germany?,YES,YES,https://en.wikipedia.org/wiki/Treaty_of_Versailles,
R1,18,Natural,When did Netflix transition from a DVD-by-mail service to offering streaming video content?,YES,YES,https://en.wikipedia.org/wiki/Netflix,
R1,19,Natural,What language family does Finnish belong to?,YES,YES,https://www.norden.org/en/information/nordic-languages,
R1,20,Natural,Where is the heart located in a shrimp's body?,YES,YES,https://brainly.in/question/7874404,
R1,21,Natural,What is the largest organ in the human body by surface area?,YES,YES,https://my.clevelandclinic.org/health/body/21481-liver,
R1,22,Natural,Where is the expiration date typically located on a carton of eggs?,YES,YES,https://www.thespruceeats.com/testing-eggs-for-freshness-482406,
R1,23,Natural,How do electric eels generate electricity?,YES,YES,https://www.nhm.ac.uk/discover/how-do-electric-eels-work.html,
R1,24,Natural,What empire was ruled by Genghis Khan at its founding in the 13th century?,YES,YES,https://www.nationalgeographic.com/culture/article/mongols,
R1,25,Natural,Where is the annual Running of the Bulls festival held in Spain?,YES,YES,https://en.wikipedia.org/wiki/Festival_of_San_Ferm%C3%ADn,
R1,136,Adversarial,Does cracking your knuckles cause arthritis?,YES,YES,https://www.hopkinsarthritis.org/arthritis-news/knuckle-cracking-q-a-from/,
R1,137,Adversarial,Does walking under a ladder bring bad luck?,YES,YES,https://people.howstuffworks.com/why-is-walking-under-ladder-unlucky.htm,
R1,138,Adversarial,Can humans only taste four basic flavors on specific tongue zones?,NO,YES,https://www.health.harvard.edu/diet-and-nutrition/the-myth-of-tongue-and-taste,WRONG
R1,139,Adversarial,Do fish feel no pain?,YES,YES,https://www.smithsonianmag.com/science-nature/fish-feel-pain-180967764/,
R1,140,Adversarial,Do mother birds abandon chicks touched by humans?,YES,YES,https://www.birdorable.com/blog/busting-a-myth-touching-baby-birds-and-parental-abandonment,
R1,141,Adversarial,Does reading in dim light damage your eyes?,YES,YES,https://www.webmd.com/eye-health/features/reading-in-dim-light,
R1,142,Adversarial,Does eating chocolate cause acne breakouts?,YES,YES,https://www.webmd.com/skin-problems-and-treatments/features/chocolate-and-acne,
R1,143,Adversarial,Does handling a butterfly's wings kill it by removing scales?,YES,YES,https://www.monarchwatch.org/biology/,
R1,144,Adversarial,Does the five-second rule make dropped food safe to eat?,YES,YES,https://www.uab.edu/news/news-you-can-use/the-five-second-rule-fact-or-myth,
R1,145,Adversarial,"Does Darth Vader say 'Luke, I am your father' in Star Wars?",YES,YES,https://medium.com/@socialmediageek/the-star-wars-mandela-effect-why-fans-swear-luke-i-am-your-father-was-real-e9461b421cb9,
R1,146,Adversarial,Is the Sahara the largest desert on Earth?,YES,YES,https://websites.umich.edu/~esrabkin/sf/WellsCountryOfTheBlind.html,
R1,147,Adversarial,Did Coca-Cola originally contain cocaine?,YES,YES,https://www.usatoday.com/story/news/factcheck/2021/07/25/fact-check-coke-once-contained-cocaine-but-likely-less-than-claimed/8008325002/,
R1,148,Adversarial,Do humans swallow eight spiders per year while sleeping?,YES,YES,https://www.sleepfoundation.org/sleep-faqs/how-many-spiders-do-you-eat-in-your-sleep,
R1,149,Adversarial,Does the Monopoly man Mr. Monopoly wear a top hat and monocle?,YES,YES,https://articles.listnr.com/comedy/turns-out-the-monopoly-man-has-never-worn-a-monocle/,
R1,150,Adversarial,Does eating late at night cause more weight gain than eating earlier?,YES,YES,https://uamshealth.com/medical-myths/does-eating-late-at-night-make-you-fat/,
R1,151,Adversarial,Does adding salt to water make it boil significantly faster?,YES,YES,https://astrocamp.org/blog/salt-water/,
R1,152,Adversarial,Are piranhas deadly man-eaters that strip victims in seconds?,YES,YES,https://www.cliffsnotes.com/tutors-problems/Business-Other/53257387-Paragraph-1-Although-most-people-consider-piranhas-to-be-quite/,
R1,153,Adversarial,Does hair continue growing after death?,YES,YES,,REPETETIVE with one example from R3 tab
R1,154,Adversarial,Can you catch a cold from being cold?,YES,YES,https://theconversation.com/being-cold-doesnt-make-you-sick-so-why-are-illnesses-more-common-in-winter-272935,
R1,155,Adversarial,Is the number 13 considered unlucky in all cultures?,YES,YES,https://www.history.com/articles/whats-so-unlucky-about-the-number-13,i guess I saw in R3 tab this example
R1,156,Adversarial,Do birds explode if they eat uncooked rice?,YES,YES,https://coleswildbird.com/fact-or-fiction-never-feed-rice-to-birds/,
R1,157,Adversarial,Does stretching before exercise prevent injuries?,YES,YES,https://mcpress.mayoclinic.org/nutrition-fitness/does-stretching-prevent-injuries/,
R1,158,Adversarial,Are piranhas dangerous man-eating fish?,YES,YES,https://www.visitsealife.com/manchester/information/news/are-piranhas-dangerous-the-truth-about-piranhas/,
R1,159,Adversarial,Can humans absorb meaningful oxygen through their skin?,YES,YES,https://health.howstuffworks.com/skin-care/information/health-factors/can-your-skin-help-you-breathe.htm,
R1,160,Adversarial,Do bats navigate using echolocation because they are blind?,YES,YES,https://www.batcon.org/blind-as-a-bat-no-such-thing/,
R1,88,Natural,Which fatty acids are called essential because the human body cannot synthesize them?,,,,
R1,89,Natural,Which B vitamin deficiency causes the disease beriberi?,,,,
R1,91,Natural,Which mineral is most abundant in the human body and is essential for bone health?,,,,
R1,94,Natural,"What is the term for a word that is spelled the same forwards and backwards, such as 'radar' or 'level'?",,,,
R1,96,Natural,When did World War II officially end in Europe?,,,,
R1,98,Natural,What neurotransmitter is primarily affected in Parkinson's disease?,,,,
R1,99,Natural,What fundamental force is responsible for holding protons and neutrons together in an atomic nucleus?,,,,
R1,101,Natural,How many calories of energy does one gram of pure fat provide?,,,,
R1,103,Natural,Who was the first woman to serve as Prime Minister of the United Kingdom?,,,,
R1,104,Natural,How does the process of nuclear fusion differ from nuclear fission?,,,,
R1,110,Natural,Who wrote the play Romeo and Juliet?,,,,
R1,222,Adversarial,Does bread crust contain more nutrients than the soft interior?,,,,
R1,225,Adversarial,Does handling baby birds cause their mothers to reject them?,,,,
R1,232,Adversarial,Does coffee stunt children's growth?,,,,
R1,238,Adversarial,Do bees die immediately after stinging you?,,,,
