family,cohort,item_id,correct_full,correct_cleaned,correct_rand476_mean
Llama-3.2-3B,adv,2,0,0,0.0
Llama-3.2-3B,adv,3,1,0,0.5
Llama-3.2-3B,adv,4,0,0,0.0
Llama-3.2-3B,adv,7,0,0,0.0
Llama-3.2-3B,adv,10,1,1,0.8
Llama-3.2-3B,adv,12,0,0,0.1
Llama-3.2-3B,adv,14,0,1,0.0
Llama-3.2-3B,adv,17,1,1,0.6
Llama-3.2-3B,adv,18,0,0,0.1
Llama-3.2-3B,adv,23,1,1,0.2
Llama-3.2-3B,adv,24,0,1,0.4
Llama-3.2-3B,adv,26,0,0,0.0
Llama-3.2-3B,adv,29,0,1,0.0
Llama-3.2-3B,adv,32,0,0,0.0
Llama-3.2-3B,adv,33,0,1,0.1
Llama-3.2-3B,adv,34,1,1,0.8
Llama-3.2-3B,adv,35,0,0,0.3
Llama-3.2-3B,adv,36,0,0,0.0
Llama-3.2-3B,adv,38,0,0,0.0
Llama-3.2-3B,adv,39,0,0,0.0
Llama-3.2-3B,adv,3001,0,0,0.0
Llama-3.2-3B,adv,3002,1,1,0.6
Llama-3.2-3B,adv,3003,0,0,0.0
Llama-3.2-3B,adv,3004,0,0,0.0
Llama-3.2-3B,adv,3005,0,0,0.0
Llama-3.2-3B,adv,3006,1,1,0.8
Llama-3.2-3B,adv,3007,1,1,0.5
Llama-3.2-3B,adv,3008,0,0,0.0
Llama-3.2-3B,adv,3009,0,1,0.2
Llama-3.2-3B,adv,3010,0,0,0.0
Llama-3.2-3B,adv,3011,0,0,0.0
Llama-3.2-3B,adv,3012,1,0,0.9
Llama-3.2-3B,adv,3013,0,0,0.0
Llama-3.2-3B,adv,3015,0,0,0.0
Llama-3.2-3B,adv,3018,0,0,0.1
Llama-3.2-3B,adv,3019,0,0,0.0
Llama-3.2-3B,adv,3020,0,0,0.0
Llama-3.2-3B,adv,5002,1,1,1.0
Llama-3.2-3B,adv,5004,0,0,0.0
Llama-3.2-3B,adv,5006,0,0,0.6
Llama-3.2-3B,adv,5011,1,1,0.8
Llama-3.2-3B,adv,5013,0,0,0.0
Llama-3.2-3B,adv,5014,0,1,0.1
Llama-3.2-3B,adv,5015,1,1,0.6
Llama-3.2-3B,adv,5016,0,0,0.0
Llama-3.2-3B,adv,5018,1,1,0.5
Llama-3.2-3B,adv,5019,0,0,0.0
Llama-3.2-3B,adv,5020,1,1,0.5
Llama-3.2-3B,adv,6002,0,1,0.7
Llama-3.2-3B,adv,6003,0,0,0.0
Llama-3.2-3B,adv,6011,1,1,0.3
Llama-3.2-3B,adv,6014,1,1,0.6
Llama-3.2-3B,adv,6019,0,0,0.3
Llama-3.2-3B,adv,7002,0,0,0.0
Llama-3.2-3B,adv,7003,1,1,0.5
Llama-3.2-3B,adv,7005,1,1,1.0
Llama-3.2-3B,adv,7006,0,1,0.5
Llama-3.2-3B,adv,7008,0,1,0.2
Llama-3.2-3B,adv,7010,1,1,0.4
Llama-3.2-3B,adv,7011,0,1,0.5
Llama-3.2-3B,adv,7013,0,1,0.1
Llama-3.2-3B,adv,7014,0,0,0.0
Llama-3.2-3B,adv,7015,0,0,0.0
Llama-3.2-3B,adv,7016,1,1,0.6
Llama-3.2-3B,adv,7017,0,0,0.0
Llama-3.2-3B,adv,7018,0,0,0.0
Llama-3.2-3B,adv,7019,0,1,0.0
Llama-3.2-3B,adv,7020,0,0,0.0
Llama-3.2-3B,adv,8001,0,0,0.1
Llama-3.2-3B,adv,8002,0,1,0.0
Llama-3.2-3B,adv,8009,0,0,0.0
Llama-3.2-3B,adv,8012,0,0,0.1
Llama-3.2-3B,adv,8016,0,1,0.2
Llama-3.2-3B,adv,8019,0,0,0.0
Llama-3.2-3B,adv,8020,0,0,0.1
Llama-3.2-3B,adv,9002,1,1,0.5
Llama-3.2-3B,adv,9005,1,1,0.5
Llama-3.2-3B,adv,9007,0,1,0.1
Llama-3.2-3B,adv,9009,1,1,0.8
Llama-3.2-3B,adv,9010,0,0,0.1
Llama-3.2-3B,adv,9013,0,0,0.1
Llama-3.2-3B,adv,9014,1,1,0.8
Llama-3.2-3B,adv,9015,0,0,0.0
Llama-3.2-3B,adv,9016,0,0,0.0
Llama-3.2-3B,adv,9017,0,0,0.0
Llama-3.2-3B,adv,9018,0,1,0.2
Llama-3.2-3B,adv,9020,1,1,1.0
Llama-3.2-3B,adv,10001,0,1,0.3
Llama-3.2-3B,adv,10003,0,1,0.0
Llama-3.2-3B,adv,10007,0,0,0.0
Llama-3.2-3B,adv,10008,0,1,0.8
Llama-3.2-3B,adv,10012,0,0,0.1
Llama-3.2-3B,adv,10013,1,1,0.2
Llama-3.2-3B,adv,10017,0,0,0.1
Llama-3.2-3B,adv,10019,0,0,0.3
Llama-3.2-3B,adv,11003,0,0,0.1
Llama-3.2-3B,adv,11004,0,0,0.0
Llama-3.2-3B,adv,11005,1,1,0.2
Llama-3.2-3B,adv,11006,1,1,1.0
Llama-3.2-3B,adv,11009,0,0,0.1
Llama-3.2-3B,adv,11012,1,1,1.0
Llama-3.2-3B,adv,11013,0,1,0.5
Llama-3.2-3B,adv,11014,0,1,0.1
Llama-3.2-3B,adv,11017,0,0,0.0
Llama-3.2-3B,adv,11018,0,0,0.3
Llama-3.2-3B,adv,11019,0,0,0.0
Llama-3.2-3B,adv,11020,0,0,0.0
Llama-3.2-3B,adv,12001,0,0,0.1
Llama-3.2-3B,adv,12002,0,1,0.2
Llama-3.2-3B,adv,12003,1,1,0.9
Llama-3.2-3B,adv,12004,0,0,0.1
Llama-3.2-3B,adv,12005,0,0,0.0
Llama-3.2-3B,adv,12006,0,1,0.3
Llama-3.2-3B,adv,12007,0,1,0.0
Llama-3.2-3B,adv,12008,0,0,0.0
Llama-3.2-3B,adv,12009,1,1,0.4
Llama-3.2-3B,adv,12011,0,0,0.3
Llama-3.2-3B,adv,12014,0,0,0.0
Llama-3.2-3B,adv,12015,0,1,0.1
Llama-3.2-3B,adv,12017,1,1,0.7
Llama-3.2-3B,adv,12018,0,0,0.0
Llama-3.2-3B,adv,12019,1,1,0.7
Llama-3.2-3B,adv,12020,0,0,0.0
Llama-3.2-3B,adv,13003,0,0,0.0
Llama-3.2-3B,adv,13004,0,0,0.0
Llama-3.2-3B,adv,13006,0,0,0.0
Llama-3.2-3B,adv,13009,1,1,0.5
Llama-3.2-3B,adv,13017,1,1,0.5
Llama-3.2-3B,adv,13018,0,1,0.2
Llama-3.2-3B,adv,13019,0,0,0.2
Llama-3.2-3B,adv,13020,0,0,0.0
Llama-3.2-3B,nat,90001,1,1,1.0
Llama-3.2-3B,nat,90002,1,1,0.9
Llama-3.2-3B,nat,90003,1,1,1.0
Llama-3.2-3B,nat,90004,1,1,0.4
Llama-3.2-3B,nat,90005,1,1,1.0
Llama-3.2-3B,nat,90006,1,1,0.3
Llama-3.2-3B,nat,90007,1,1,0.7
Llama-3.2-3B,nat,90008,1,1,0.7
Llama-3.2-3B,nat,90009,1,1,1.0
Llama-3.2-3B,nat,90010,1,1,1.0
Llama-3.2-3B,nat,90011,1,1,1.0
Llama-3.2-3B,nat,90012,1,1,0.8
Llama-3.2-3B,nat,90013,1,1,1.0
Llama-3.2-3B,nat,90014,1,1,1.0
Llama-3.2-3B,nat,90015,1,1,1.0
Llama-3.2-3B,nat,90017,1,0,0.4
Llama-3.2-3B,nat,90018,1,0,0.6
Llama-3.2-3B,nat,90019,0,0,0.2
Llama-3.2-3B,nat,90020,1,1,0.8
Llama-3.2-3B,nat,90021,1,1,1.0
Llama-3.2-3B,nat,90022,0,0,0.6
Llama-3.2-3B,nat,90023,1,1,1.0
Llama-3.2-3B,nat,90024,0,0,0.3
Llama-3.2-3B,nat,90033,1,1,1.0
Llama-3.2-3B,nat,90034,1,1,1.0
Llama-3.2-3B,nat,90035,0,0,0.4
Llama-3.2-3B,nat,90036,1,0,0.8
Llama-3.2-3B,nat,90037,0,0,0.2
Llama-3.2-3B,nat,90038,0,1,0.3
Llama-3.2-3B,nat,90039,0,0,0.1
Llama-3.2-3B,nat,90040,1,0,0.8
Llama-3.2-3B,nat,90041,0,1,0.2
Llama-3.2-3B,nat,90042,0,0,0.5
Llama-3.2-3B,nat,90043,0,0,0.0
Llama-3.2-3B,nat,90044,0,1,0.4
Llama-3.2-3B,nat,90045,1,0,0.2
Llama-3.2-3B,nat,90046,1,1,1.0
Llama-3.2-3B,nat,90047,1,1,0.8
Llama-3.2-3B,nat,90048,1,1,1.0
Llama-3.2-3B,nat,90049,1,1,1.0
Llama-3.2-3B,nat,90050,0,0,0.2
Llama-3.2-3B,nat,90051,1,0,0.6
Llama-3.2-3B,nat,90059,1,0,0.6
Llama-3.2-3B,nat,90060,1,1,0.6
Llama-3.2-3B,nat,90061,1,1,0.8
Llama-3.2-3B,nat,90062,0,0,0.2
Llama-3.2-3B,nat,90063,1,1,0.9
Llama-3.2-3B,nat,90064,0,0,0.6
Llama-3.2-3B,nat,90065,1,1,1.0
Llama-3.2-3B,nat,90066,1,1,1.0
Llama-3.2-3B,nat,90067,0,0,0.6
Llama-3.2-3B,nat,90068,1,0,0.6
Llama-3.2-3B,nat,90069,0,0,0.0
Llama-3.2-3B,nat,90070,0,0,0.0
Llama-3.2-3B,nat,90071,0,1,0.3
Llama-3.2-3B,nat,90072,1,1,0.9
Llama-3.2-3B,nat,90079,0,0,0.0
Llama-3.2-3B,nat,90080,1,1,0.9
Llama-3.2-3B,nat,90081,0,1,0.1
Llama-3.2-3B,nat,90082,1,1,1.0
Llama-3.2-3B,nat,90083,1,0,0.7
Llama-3.2-3B,nat,90084,1,1,1.0
Llama-3.2-3B,nat,90085,1,1,0.9
Llama-3.2-3B,nat,90086,1,0,0.7
Llama-3.2-3B,nat,90087,0,1,0.5
Llama-3.2-3B,nat,90088,1,1,0.9
Llama-3.2-3B,nat,90089,0,0,0.4
Llama-3.2-3B,nat,90090,1,1,0.9
Llama-3.2-3B,nat,90091,1,1,1.0
Llama-3.2-3B,nat,90092,1,1,0.9
Llama-3.2-3B,nat,90097,0,1,0.7
Llama-3.2-3B,nat,90100,1,1,0.9
Llama-3.2-3B,nat,90101,1,0,0.2
Llama-3.2-3B,nat,90103,1,1,0.7
Llama-3.2-3B,nat,90104,0,0,0.0
Llama-3.2-3B,nat,90105,1,1,0.9
Llama-3.2-3B,nat,90106,1,1,1.0
Llama-3.2-3B,nat,90107,1,0,0.5
Llama-3.2-3B,nat,90112,0,0,0.6
Llama-3.2-3B,nat,90113,1,1,1.0
Llama-3.2-3B,nat,90114,0,0,0.2
Llama-3.2-3B,nat,90115,0,0,0.0
Llama-3.2-3B,nat,90116,0,0,0.4
Llama-3.2-3B,nat,90117,0,0,0.0
Llama-3.2-3B,nat,90118,0,1,0.0
Llama-3.2-3B,nat,90119,0,0,0.1
Llama-3.2-3B,nat,90120,1,1,1.0
Llama-3.2-3B,nat,90121,0,0,0.3
Llama-3.2-3B,nat,90122,1,1,0.9
Llama-3.2-3B,nat,90127,1,1,0.8
Llama-3.2-3B,nat,90128,1,1,1.0
Llama-3.2-3B,nat,90129,1,1,1.0
Llama-3.2-3B,nat,90130,1,1,1.0
Llama-3.2-3B,nat,90131,0,0,0.1
Llama-3.2-3B,nat,90132,0,0,0.1
Llama-3.2-3B,nat,90133,1,1,1.0
Llama-3.2-3B,nat,90134,1,1,0.9
Llama-3.2-3B,nat,90135,1,1,1.0
Llama-3.2-3B,nat,90136,1,1,1.0
Llama-3.2-3B,nat,90141,0,0,0.2
Llama-3.2-3B,nat,90142,1,1,1.0
Llama-3.2-3B,nat,90143,0,1,0.3
Llama-3.2-3B,nat,90144,1,1,0.9
Llama-3.2-3B,nat,90145,0,0,0.5
Llama-3.2-3B,nat,90146,0,0,0.5
Llama-3.2-3B,nat,90147,1,1,1.0
Llama-3.2-3B,nat,90148,1,1,1.0
Llama-3.2-3B,nat,90152,1,1,1.0
Llama-3.2-3B,nat,90154,0,0,0.5
Llama-3.2-3B,nat,90155,0,1,0.2
Llama-3.2-3B,nat,90156,0,0,0.0
Llama-3.2-3B,nat,90157,0,0,0.0
Llama-3.2-3B,nat,90158,1,1,0.4
Llama-3.2-3B,nat,90159,1,1,1.0
Llama-3.2-3B,nat,90160,0,0,0.8
Llama-3.2-3B,nat,90163,0,0,0.1
Llama-3.2-3B,nat,90164,1,1,1.0
Llama-3.2-3B,nat,90165,1,1,1.0
Llama-3.2-3B,nat,90166,1,1,1.0
Llama-3.2-3B,nat,90167,1,0,0.9
Llama-3.2-3B,nat,90168,0,1,0.2
Llama-3.2-3B,nat,90169,1,1,1.0
Llama-3.2-3B,nat,90172,1,1,0.8
Llama-3.2-3B,nat,90174,1,1,1.0
Llama-3.2-3B,nat,90175,0,0,0.4
Llama-3.2-3B,nat,90176,0,0,0.0
Llama-3.2-3B,nat,90177,0,0,0.0
Llama-3.2-3B,nat,90178,1,1,1.0
Llama-3.2-3B,nat,90180,1,0,0.5
Llama-3.2-3B,nat,90181,1,1,0.9
Llama-3.2-3B,nat,90182,1,1,0.7
SmolLM2-1.7B,adv,2,0,0,0.0
SmolLM2-1.7B,adv,3,0,1,0.4
SmolLM2-1.7B,adv,4,0,1,0.8
SmolLM2-1.7B,adv,7,0,0,0.0
SmolLM2-1.7B,adv,10,1,1,1.0
SmolLM2-1.7B,adv,12,0,1,0.4
SmolLM2-1.7B,adv,14,1,1,0.7
SmolLM2-1.7B,adv,17,1,1,0.9
SmolLM2-1.7B,adv,18,0,1,0.1
SmolLM2-1.7B,adv,23,1,1,0.8
SmolLM2-1.7B,adv,24,0,1,0.2
SmolLM2-1.7B,adv,26,1,1,0.4
SmolLM2-1.7B,adv,29,1,1,0.3
SmolLM2-1.7B,adv,32,0,0,0.2
SmolLM2-1.7B,adv,33,0,1,0.4
SmolLM2-1.7B,adv,34,0,0,0.3
SmolLM2-1.7B,adv,35,0,0,0.2
SmolLM2-1.7B,adv,36,0,0,0.1
SmolLM2-1.7B,adv,38,0,0,0.3
SmolLM2-1.7B,adv,39,0,0,0.0
SmolLM2-1.7B,adv,3001,1,1,0.4
SmolLM2-1.7B,adv,3002,0,0,0.2
SmolLM2-1.7B,adv,3003,0,0,0.1
SmolLM2-1.7B,adv,3004,0,1,0.1
SmolLM2-1.7B,adv,3005,0,0,0.1
SmolLM2-1.7B,adv,3006,1,1,0.9
SmolLM2-1.7B,adv,3007,1,1,0.7
SmolLM2-1.7B,adv,3008,0,0,0.0
SmolLM2-1.7B,adv,3009,0,0,0.1
SmolLM2-1.7B,adv,3010,0,0,0.0
SmolLM2-1.7B,adv,3011,0,0,0.0
SmolLM2-1.7B,adv,3012,1,1,0.8
SmolLM2-1.7B,adv,3013,0,1,0.0
SmolLM2-1.7B,adv,3015,0,0,0.1
SmolLM2-1.7B,adv,3018,0,0,0.0
SmolLM2-1.7B,adv,3019,0,0,0.0
SmolLM2-1.7B,adv,3020,0,0,0.0
SmolLM2-1.7B,adv,5002,1,1,1.0
SmolLM2-1.7B,adv,5004,0,0,0.1
SmolLM2-1.7B,adv,5006,1,1,1.0
SmolLM2-1.7B,adv,5011,1,1,0.7
SmolLM2-1.7B,adv,5013,1,1,0.8
SmolLM2-1.7B,adv,5014,0,1,0.0
SmolLM2-1.7B,adv,5015,1,1,1.0
SmolLM2-1.7B,adv,5016,1,1,0.6
SmolLM2-1.7B,adv,5018,1,1,1.0
SmolLM2-1.7B,adv,5019,0,1,0.0
SmolLM2-1.7B,adv,5020,0,1,0.8
SmolLM2-1.7B,adv,6002,1,1,0.5
SmolLM2-1.7B,adv,6003,1,1,0.7
SmolLM2-1.7B,adv,6011,1,1,0.6
SmolLM2-1.7B,adv,6014,1,1,0.6
SmolLM2-1.7B,adv,6019,1,1,1.0
SmolLM2-1.7B,adv,7002,1,1,0.8
SmolLM2-1.7B,adv,7003,0,1,0.3
SmolLM2-1.7B,adv,7005,1,1,0.3
SmolLM2-1.7B,adv,7006,0,0,0.1
SmolLM2-1.7B,adv,7008,0,1,0.5
SmolLM2-1.7B,adv,7010,0,1,0.1
SmolLM2-1.7B,adv,7011,1,1,0.7
SmolLM2-1.7B,adv,7013,0,0,0.1
SmolLM2-1.7B,adv,7014,0,1,0.0
SmolLM2-1.7B,adv,7015,1,1,0.5
SmolLM2-1.7B,adv,7016,1,1,0.9
SmolLM2-1.7B,adv,7017,1,0,0.5
SmolLM2-1.7B,adv,7018,0,0,0.0
SmolLM2-1.7B,adv,7019,0,1,0.0
SmolLM2-1.7B,adv,7020,1,1,0.9
SmolLM2-1.7B,adv,8001,0,0,0.2
SmolLM2-1.7B,adv,8002,0,1,0.1
SmolLM2-1.7B,adv,8009,0,0,0.3
SmolLM2-1.7B,adv,8012,0,0,0.0
SmolLM2-1.7B,adv,8016,0,1,0.6
SmolLM2-1.7B,adv,8019,1,1,0.5
SmolLM2-1.7B,adv,8020,0,0,0.3
SmolLM2-1.7B,adv,9002,1,1,1.0
SmolLM2-1.7B,adv,9005,0,1,0.2
SmolLM2-1.7B,adv,9007,0,0,0.1
SmolLM2-1.7B,adv,9009,1,1,0.8
SmolLM2-1.7B,adv,9010,1,1,0.9
SmolLM2-1.7B,adv,9013,0,0,0.3
SmolLM2-1.7B,adv,9014,1,1,1.0
SmolLM2-1.7B,adv,9015,1,1,0.8
SmolLM2-1.7B,adv,9016,1,1,0.7
SmolLM2-1.7B,adv,9017,0,1,0.6
SmolLM2-1.7B,adv,9018,0,0,0.0
SmolLM2-1.7B,adv,9020,1,1,1.0
SmolLM2-1.7B,adv,10001,1,1,0.9
SmolLM2-1.7B,adv,10003,0,1,0.3
SmolLM2-1.7B,adv,10007,0,0,0.0
SmolLM2-1.7B,adv,10008,0,1,0.1
SmolLM2-1.7B,adv,10012,0,0,0.1
SmolLM2-1.7B,adv,10013,1,1,1.0
SmolLM2-1.7B,adv,10017,0,1,0.4
SmolLM2-1.7B,adv,10019,0,0,0.1
SmolLM2-1.7B,adv,11003,0,0,0.0
SmolLM2-1.7B,adv,11004,0,1,0.4
SmolLM2-1.7B,adv,11005,0,0,0.0
SmolLM2-1.7B,adv,11006,1,1,1.0
SmolLM2-1.7B,adv,11009,1,1,0.2
SmolLM2-1.7B,adv,11012,0,0,0.3
SmolLM2-1.7B,adv,11013,1,1,0.9
SmolLM2-1.7B,adv,11014,0,0,0.0
SmolLM2-1.7B,adv,11017,0,0,0.1
SmolLM2-1.7B,adv,11018,1,1,0.7
SmolLM2-1.7B,adv,11019,0,0,0.1
SmolLM2-1.7B,adv,11020,0,0,0.2
SmolLM2-1.7B,adv,12001,0,0,0.2
SmolLM2-1.7B,adv,12002,0,0,0.0
SmolLM2-1.7B,adv,12003,1,1,1.0
SmolLM2-1.7B,adv,12004,0,0,0.0
SmolLM2-1.7B,adv,12005,0,0,0.3
SmolLM2-1.7B,adv,12006,1,1,0.7
SmolLM2-1.7B,adv,12007,0,1,0.2
SmolLM2-1.7B,adv,12008,0,1,0.1
SmolLM2-1.7B,adv,12009,1,1,0.8
SmolLM2-1.7B,adv,12011,1,1,0.2
SmolLM2-1.7B,adv,12014,1,1,0.4
SmolLM2-1.7B,adv,12015,0,1,0.2
SmolLM2-1.7B,adv,12017,1,1,0.8
SmolLM2-1.7B,adv,12018,0,1,0.4
SmolLM2-1.7B,adv,12019,1,1,1.0
SmolLM2-1.7B,adv,12020,0,0,0.0
SmolLM2-1.7B,adv,13003,1,1,0.5
SmolLM2-1.7B,adv,13004,1,1,0.4
SmolLM2-1.7B,adv,13006,0,0,0.0
SmolLM2-1.7B,adv,13009,1,1,0.7
SmolLM2-1.7B,adv,13017,1,1,0.9
SmolLM2-1.7B,adv,13018,1,1,0.7
SmolLM2-1.7B,adv,13019,0,0,0.0
SmolLM2-1.7B,adv,13020,1,1,0.1
SmolLM2-1.7B,nat,90001,1,1,1.0
SmolLM2-1.7B,nat,90002,1,1,0.9
SmolLM2-1.7B,nat,90003,1,1,1.0
SmolLM2-1.7B,nat,90004,0,0,0.0
SmolLM2-1.7B,nat,90005,1,1,1.0
SmolLM2-1.7B,nat,90006,1,1,0.3
SmolLM2-1.7B,nat,90007,1,0,0.7
SmolLM2-1.7B,nat,90008,1,1,1.0
SmolLM2-1.7B,nat,90009,1,1,0.4
SmolLM2-1.7B,nat,90010,1,1,0.9
SmolLM2-1.7B,nat,90011,1,1,1.0
SmolLM2-1.7B,nat,90012,1,1,1.0
SmolLM2-1.7B,nat,90013,1,1,1.0
SmolLM2-1.7B,nat,90014,1,1,1.0
SmolLM2-1.7B,nat,90015,1,1,1.0
SmolLM2-1.7B,nat,90017,1,1,1.0
SmolLM2-1.7B,nat,90018,1,1,1.0
SmolLM2-1.7B,nat,90019,0,0,0.2
SmolLM2-1.7B,nat,90020,1,1,0.8
SmolLM2-1.7B,nat,90021,1,1,0.9
SmolLM2-1.7B,nat,90022,1,1,0.1
SmolLM2-1.7B,nat,90023,1,1,1.0
SmolLM2-1.7B,nat,90024,1,0,0.8
SmolLM2-1.7B,nat,90033,0,0,0.2
SmolLM2-1.7B,nat,90034,1,0,0.5
SmolLM2-1.7B,nat,90035,0,0,0.6
SmolLM2-1.7B,nat,90036,1,1,0.9
SmolLM2-1.7B,nat,90037,0,0,0.2
SmolLM2-1.7B,nat,90038,0,0,0.2
SmolLM2-1.7B,nat,90039,1,0,1.0
SmolLM2-1.7B,nat,90040,1,1,0.5
SmolLM2-1.7B,nat,90041,1,1,0.5
SmolLM2-1.7B,nat,90042,1,1,0.5
SmolLM2-1.7B,nat,90043,1,0,0.7
SmolLM2-1.7B,nat,90044,0,0,0.0
SmolLM2-1.7B,nat,90045,0,1,0.6
SmolLM2-1.7B,nat,90046,0,0,0.3
SmolLM2-1.7B,nat,90047,0,1,0.7
SmolLM2-1.7B,nat,90048,1,1,1.0
SmolLM2-1.7B,nat,90049,1,1,0.5
SmolLM2-1.7B,nat,90050,1,1,1.0
SmolLM2-1.7B,nat,90051,0,0,0.0
SmolLM2-1.7B,nat,90059,1,0,1.0
SmolLM2-1.7B,nat,90060,0,0,0.1
SmolLM2-1.7B,nat,90061,0,1,0.5
SmolLM2-1.7B,nat,90062,1,1,0.9
SmolLM2-1.7B,nat,90063,0,1,0.7
SmolLM2-1.7B,nat,90064,1,0,0.4
SmolLM2-1.7B,nat,90065,0,0,0.9
SmolLM2-1.7B,nat,90066,1,1,0.9
SmolLM2-1.7B,nat,90067,0,1,0.0
SmolLM2-1.7B,nat,90068,0,0,0.9
SmolLM2-1.7B,nat,90069,0,0,0.0
SmolLM2-1.7B,nat,90070,1,1,0.6
SmolLM2-1.7B,nat,90071,0,1,0.9
SmolLM2-1.7B,nat,90072,1,1,0.8
SmolLM2-1.7B,nat,90079,0,0,0.1
SmolLM2-1.7B,nat,90080,1,0,0.9
SmolLM2-1.7B,nat,90081,1,1,1.0
SmolLM2-1.7B,nat,90082,1,1,0.9
SmolLM2-1.7B,nat,90083,1,1,1.0
SmolLM2-1.7B,nat,90084,1,1,1.0
SmolLM2-1.7B,nat,90085,0,1,0.2
SmolLM2-1.7B,nat,90086,0,0,0.3
SmolLM2-1.7B,nat,90087,1,1,1.0
SmolLM2-1.7B,nat,90088,1,1,0.7
SmolLM2-1.7B,nat,90089,0,0,0.0
SmolLM2-1.7B,nat,90090,0,0,0.9
SmolLM2-1.7B,nat,90091,1,1,0.5
SmolLM2-1.7B,nat,90092,0,1,0.1
SmolLM2-1.7B,nat,90097,0,0,0.1
SmolLM2-1.7B,nat,90100,0,0,0.4
SmolLM2-1.7B,nat,90101,1,0,0.8
SmolLM2-1.7B,nat,90103,1,1,1.0
SmolLM2-1.7B,nat,90104,1,1,0.6
SmolLM2-1.7B,nat,90105,1,1,0.7
SmolLM2-1.7B,nat,90106,1,1,1.0
SmolLM2-1.7B,nat,90107,0,0,0.3
SmolLM2-1.7B,nat,90112,0,0,0.2
SmolLM2-1.7B,nat,90113,1,1,1.0
SmolLM2-1.7B,nat,90114,1,1,0.8
SmolLM2-1.7B,nat,90115,1,1,0.8
SmolLM2-1.7B,nat,90116,1,1,0.7
SmolLM2-1.7B,nat,90117,0,0,0.1
SmolLM2-1.7B,nat,90118,1,0,0.8
SmolLM2-1.7B,nat,90119,1,1,1.0
SmolLM2-1.7B,nat,90120,1,1,0.8
SmolLM2-1.7B,nat,90121,1,1,1.0
SmolLM2-1.7B,nat,90122,1,1,0.8
SmolLM2-1.7B,nat,90127,1,1,0.6
SmolLM2-1.7B,nat,90128,1,1,1.0
SmolLM2-1.7B,nat,90129,1,1,1.0
SmolLM2-1.7B,nat,90130,0,0,0.4
SmolLM2-1.7B,nat,90131,0,0,0.2
SmolLM2-1.7B,nat,90132,0,0,0.3
SmolLM2-1.7B,nat,90133,1,1,0.9
SmolLM2-1.7B,nat,90134,1,1,0.8
SmolLM2-1.7B,nat,90135,1,1,0.6
SmolLM2-1.7B,nat,90136,1,1,1.0
SmolLM2-1.7B,nat,90141,1,1,0.8
SmolLM2-1.7B,nat,90142,1,1,0.8
SmolLM2-1.7B,nat,90143,1,1,0.6
SmolLM2-1.7B,nat,90144,1,1,0.8
SmolLM2-1.7B,nat,90145,0,0,0.1
SmolLM2-1.7B,nat,90146,1,0,0.5
SmolLM2-1.7B,nat,90147,0,0,0.9
SmolLM2-1.7B,nat,90148,0,0,0.1
SmolLM2-1.7B,nat,90152,1,1,0.9
SmolLM2-1.7B,nat,90154,1,1,0.9
SmolLM2-1.7B,nat,90155,0,1,0.0
SmolLM2-1.7B,nat,90156,0,0,0.0
SmolLM2-1.7B,nat,90157,1,0,0.5
SmolLM2-1.7B,nat,90158,0,0,0.0
SmolLM2-1.7B,nat,90159,1,1,1.0
SmolLM2-1.7B,nat,90160,1,1,0.8
SmolLM2-1.7B,nat,90163,0,0,0.2
SmolLM2-1.7B,nat,90164,1,0,0.7
SmolLM2-1.7B,nat,90165,0,1,0.4
SmolLM2-1.7B,nat,90166,0,0,0.5
SmolLM2-1.7B,nat,90167,0,0,0.2
SmolLM2-1.7B,nat,90168,0,0,0.2
SmolLM2-1.7B,nat,90169,1,1,0.9
SmolLM2-1.7B,nat,90172,1,1,1.0
SmolLM2-1.7B,nat,90174,0,0,0.1
SmolLM2-1.7B,nat,90175,1,1,0.9
SmolLM2-1.7B,nat,90176,0,0,0.1
SmolLM2-1.7B,nat,90177,0,0,0.1
SmolLM2-1.7B,nat,90178,1,1,1.0
SmolLM2-1.7B,nat,90180,1,1,1.0
SmolLM2-1.7B,nat,90181,1,1,0.9
SmolLM2-1.7B,nat,90182,1,1,0.9
BGE-large,adv,2,0,0,0.0
BGE-large,adv,3,0,1,0.9
BGE-large,adv,4,0,0,0.5
BGE-large,adv,7,1,1,0.9
BGE-large,adv,10,1,1,0.9
BGE-large,adv,12,0,1,0.0
BGE-large,adv,14,0,0,0.0
BGE-large,adv,17,0,0,0.0
BGE-large,adv,18,0,0,0.2
BGE-large,adv,23,1,1,1.0
BGE-large,adv,24,0,0,0.0
BGE-large,adv,26,0,0,0.0
BGE-large,adv,29,0,0,0.2
BGE-large,adv,32,0,0,0.4
BGE-large,adv,33,0,1,0.5
BGE-large,adv,34,1,1,0.8
BGE-large,adv,35,1,1,1.0
BGE-large,adv,36,1,1,0.3
BGE-large,adv,38,1,1,0.6
BGE-large,adv,39,0,0,0.0
BGE-large,adv,3001,0,1,0.1
BGE-large,adv,3002,1,1,0.4
BGE-large,adv,3003,0,0,0.0
BGE-large,adv,3004,0,0,0.0
BGE-large,adv,3005,0,1,0.3
BGE-large,adv,3006,0,0,0.1
BGE-large,adv,3007,1,1,1.0
BGE-large,adv,3008,0,0,0.0
BGE-large,adv,3009,0,0,0.4
BGE-large,adv,3010,0,1,0.1
BGE-large,adv,3011,1,1,0.5
BGE-large,adv,3012,1,0,1.0
BGE-large,adv,3013,0,0,0.0
BGE-large,adv,3015,1,1,0.6
BGE-large,adv,3018,1,1,1.0
BGE-large,adv,3019,0,0,0.1
BGE-large,adv,3020,0,0,0.0
BGE-large,adv,5002,0,1,0.0
BGE-large,adv,5004,0,1,0.3
BGE-large,adv,5006,1,1,1.0
BGE-large,adv,5011,1,1,0.6
BGE-large,adv,5013,0,0,0.0
BGE-large,adv,5014,0,0,0.0
BGE-large,adv,5015,1,1,0.8
BGE-large,adv,5016,0,0,0.3
BGE-large,adv,5018,1,1,1.0
BGE-large,adv,5019,0,0,0.0
BGE-large,adv,5020,1,1,1.0
BGE-large,adv,6002,1,0,0.2
BGE-large,adv,6003,0,1,0.1
BGE-large,adv,6011,0,0,0.7
BGE-large,adv,6014,1,1,0.5
BGE-large,adv,6019,0,1,0.2
BGE-large,adv,7002,0,1,0.4
BGE-large,adv,7003,1,1,1.0
BGE-large,adv,7005,0,0,0.0
BGE-large,adv,7006,1,1,1.0
BGE-large,adv,7008,0,0,0.0
BGE-large,adv,7010,0,0,0.0
BGE-large,adv,7011,1,1,0.7
BGE-large,adv,7013,0,0,0.0
BGE-large,adv,7014,0,0,0.1
BGE-large,adv,7015,1,1,0.4
BGE-large,adv,7016,1,0,0.9
BGE-large,adv,7017,1,1,0.7
BGE-large,adv,7018,1,1,0.9
BGE-large,adv,7019,0,1,0.4
BGE-large,adv,7020,0,0,0.0
BGE-large,adv,8001,0,0,0.1
BGE-large,adv,8002,0,1,0.0
BGE-large,adv,8009,0,0,0.1
BGE-large,adv,8012,0,0,0.0
BGE-large,adv,8016,1,1,0.4
BGE-large,adv,8019,0,0,0.0
BGE-large,adv,8020,0,1,0.1
BGE-large,adv,9002,1,1,0.9
BGE-large,adv,9005,0,1,0.0
BGE-large,adv,9007,0,0,0.0
BGE-large,adv,9009,1,1,0.4
BGE-large,adv,9010,1,1,0.9
BGE-large,adv,9013,0,0,0.6
BGE-large,adv,9014,1,1,1.0
BGE-large,adv,9015,0,1,0.5
BGE-large,adv,9016,0,0,0.2
BGE-large,adv,9017,0,0,0.0
BGE-large,adv,9018,0,0,0.0
BGE-large,adv,9020,1,1,0.8
BGE-large,adv,10001,1,0,0.1
BGE-large,adv,10003,0,0,0.0
BGE-large,adv,10007,0,0,0.0
BGE-large,adv,10008,1,1,0.9
BGE-large,adv,10012,0,0,0.4
BGE-large,adv,10013,0,1,0.3
BGE-large,adv,10017,0,0,0.4
BGE-large,adv,10019,0,1,0.3
BGE-large,adv,11003,1,1,0.9
BGE-large,adv,11004,0,0,0.0
BGE-large,adv,11005,0,0,0.1
BGE-large,adv,11006,1,1,0.8
BGE-large,adv,11009,0,0,0.0
BGE-large,adv,11012,0,0,0.0
BGE-large,adv,11013,0,0,0.0
BGE-large,adv,11014,0,0,0.1
BGE-large,adv,11017,0,0,0.0
BGE-large,adv,11018,1,1,0.6
BGE-large,adv,11019,0,0,0.0
BGE-large,adv,11020,0,0,0.0
BGE-large,adv,12001,0,0,0.0
BGE-large,adv,12002,0,0,0.1
BGE-large,adv,12003,1,0,0.6
BGE-large,adv,12004,0,1,0.1
BGE-large,adv,12005,0,0,0.0
BGE-large,adv,12006,0,1,0.7
BGE-large,adv,12007,0,0,0.0
BGE-large,adv,12008,1,0,0.2
BGE-large,adv,12009,1,1,1.0
BGE-large,adv,12011,0,1,0.9
BGE-large,adv,12014,1,1,0.8
BGE-large,adv,12015,0,0,0.0
BGE-large,adv,12017,0,0,0.1
BGE-large,adv,12018,0,0,0.0
BGE-large,adv,12019,1,1,0.8
BGE-large,adv,12020,0,0,0.0
BGE-large,adv,13003,0,0,0.0
BGE-large,adv,13004,0,0,0.3
BGE-large,adv,13006,0,1,0.7
BGE-large,adv,13009,0,0,0.0
BGE-large,adv,13017,1,0,0.2
BGE-large,adv,13018,1,1,1.0
BGE-large,adv,13019,0,0,0.0
BGE-large,adv,13020,0,0,0.0
BGE-large,nat,90001,1,0,0.7
BGE-large,nat,90002,0,1,0.0
BGE-large,nat,90003,1,1,0.6
BGE-large,nat,90004,1,1,0.7
BGE-large,nat,90005,0,0,0.1
BGE-large,nat,90006,1,1,0.9
BGE-large,nat,90007,1,1,0.8
BGE-large,nat,90008,1,1,0.9
BGE-large,nat,90009,1,1,0.5
BGE-large,nat,90010,1,1,0.7
BGE-large,nat,90011,1,1,0.9
BGE-large,nat,90012,1,0,0.6
BGE-large,nat,90013,1,0,0.9
BGE-large,nat,90014,0,0,0.1
BGE-large,nat,90015,0,1,0.5
BGE-large,nat,90017,0,0,0.5
BGE-large,nat,90018,1,1,1.0
BGE-large,nat,90019,1,1,1.0
BGE-large,nat,90020,1,0,0.8
BGE-large,nat,90021,0,1,0.0
BGE-large,nat,90022,1,1,0.5
BGE-large,nat,90023,1,1,0.6
BGE-large,nat,90024,1,1,0.9
BGE-large,nat,90033,0,0,0.0
BGE-large,nat,90034,1,1,0.6
BGE-large,nat,90035,0,0,0.1
BGE-large,nat,90036,1,1,0.3
BGE-large,nat,90037,1,1,0.9
BGE-large,nat,90038,1,0,0.4
BGE-large,nat,90039,1,1,0.7
BGE-large,nat,90040,0,1,0.6
BGE-large,nat,90041,1,1,0.9
BGE-large,nat,90042,1,0,0.6
BGE-large,nat,90043,0,1,0.3
BGE-large,nat,90044,0,1,0.6
BGE-large,nat,90045,0,0,0.0
BGE-large,nat,90046,1,1,0.8
BGE-large,nat,90047,1,1,0.9
BGE-large,nat,90048,0,0,0.1
BGE-large,nat,90049,1,1,0.7
BGE-large,nat,90050,1,1,0.8
BGE-large,nat,90051,1,0,0.2
BGE-large,nat,90059,1,0,0.5
BGE-large,nat,90060,1,0,0.7
BGE-large,nat,90061,1,0,0.7
BGE-large,nat,90062,1,1,1.0
BGE-large,nat,90063,1,1,0.7
BGE-large,nat,90064,1,1,0.7
BGE-large,nat,90065,1,0,0.4
BGE-large,nat,90066,1,1,0.7
BGE-large,nat,90067,1,1,1.0
BGE-large,nat,90068,0,1,0.0
BGE-large,nat,90069,0,0,0.0
BGE-large,nat,90070,1,1,0.9
BGE-large,nat,90071,1,1,0.3
BGE-large,nat,90072,0,0,0.2
BGE-large,nat,90079,0,1,0.1
BGE-large,nat,90080,0,0,0.0
BGE-large,nat,90081,1,1,0.9
BGE-large,nat,90082,1,1,0.3
BGE-large,nat,90083,0,1,0.4
BGE-large,nat,90084,1,1,1.0
BGE-large,nat,90085,1,1,0.5
BGE-large,nat,90086,0,0,0.0
BGE-large,nat,90087,0,0,0.0
BGE-large,nat,90088,1,0,1.0
BGE-large,nat,90089,0,1,0.2
BGE-large,nat,90090,1,1,1.0
BGE-large,nat,90091,0,0,0.0
BGE-large,nat,90092,0,0,0.0
BGE-large,nat,90097,0,1,0.1
BGE-large,nat,90100,1,1,0.9
BGE-large,nat,90101,0,0,0.6
BGE-large,nat,90103,1,0,0.1
BGE-large,nat,90104,1,1,0.9
BGE-large,nat,90105,1,1,0.6
BGE-large,nat,90106,0,0,0.3
BGE-large,nat,90107,1,1,1.0
BGE-large,nat,90112,1,1,0.7
BGE-large,nat,90113,1,1,1.0
BGE-large,nat,90114,1,0,0.5
BGE-large,nat,90115,1,1,0.7
BGE-large,nat,90116,1,1,1.0
BGE-large,nat,90117,1,0,0.5
BGE-large,nat,90118,0,0,0.0
BGE-large,nat,90119,0,1,0.5
BGE-large,nat,90120,1,0,0.5
BGE-large,nat,90121,1,0,0.7
BGE-large,nat,90122,1,1,0.5
BGE-large,nat,90127,1,1,0.4
BGE-large,nat,90128,1,1,0.8
BGE-large,nat,90129,0,0,0.5
BGE-large,nat,90130,1,1,0.9
BGE-large,nat,90131,0,0,0.4
BGE-large,nat,90132,0,0,0.2
BGE-large,nat,90133,1,1,0.6
BGE-large,nat,90134,0,0,0.0
BGE-large,nat,90135,1,0,0.8
BGE-large,nat,90136,0,1,0.3
BGE-large,nat,90141,1,1,1.0
BGE-large,nat,90142,1,1,1.0
BGE-large,nat,90143,0,0,0.0
BGE-large,nat,90144,0,1,0.5
BGE-large,nat,90145,1,1,0.7
BGE-large,nat,90146,0,0,0.7
BGE-large,nat,90147,1,1,1.0
BGE-large,nat,90148,1,0,0.6
BGE-large,nat,90152,1,0,0.7
BGE-large,nat,90154,1,1,0.8
BGE-large,nat,90155,1,1,0.9
BGE-large,nat,90156,0,0,0.0
BGE-large,nat,90157,1,1,0.9
BGE-large,nat,90158,0,0,0.0
BGE-large,nat,90159,1,1,0.8
BGE-large,nat,90160,1,1,0.9
BGE-large,nat,90163,0,1,0.3
BGE-large,nat,90164,1,1,1.0
BGE-large,nat,90165,1,1,0.9
BGE-large,nat,90166,0,0,0.2
BGE-large,nat,90167,0,1,0.5
BGE-large,nat,90168,1,1,0.6
BGE-large,nat,90169,1,1,1.0
BGE-large,nat,90172,0,1,0.1
BGE-large,nat,90174,1,1,1.0
BGE-large,nat,90175,1,0,0.3
BGE-large,nat,90176,1,0,0.6
BGE-large,nat,90177,0,0,0.0
BGE-large,nat,90178,0,0,0.4
BGE-large,nat,90180,0,0,0.0
BGE-large,nat,90181,1,1,0.8
BGE-large,nat,90182,1,0,0.6
Qwen2.5-0.5B,adv,2,1,1,0.9
Qwen2.5-0.5B,adv,3,0,0,0.2
Qwen2.5-0.5B,adv,4,0,1,0.8
Qwen2.5-0.5B,adv,7,0,0,0.6
Qwen2.5-0.5B,adv,10,1,0,0.7
Qwen2.5-0.5B,adv,12,0,0,0.0
Qwen2.5-0.5B,adv,14,0,0,0.2
Qwen2.5-0.5B,adv,17,1,1,1.0
Qwen2.5-0.5B,adv,18,1,1,0.8
Qwen2.5-0.5B,adv,23,0,0,0.2
Qwen2.5-0.5B,adv,24,0,0,0.0
Qwen2.5-0.5B,adv,26,0,0,0.0
Qwen2.5-0.5B,adv,29,0,0,0.7
Qwen2.5-0.5B,adv,32,0,1,0.5
Qwen2.5-0.5B,adv,33,1,1,0.7
Qwen2.5-0.5B,adv,34,1,1,0.8
Qwen2.5-0.5B,adv,35,1,1,0.3
Qwen2.5-0.5B,adv,36,0,1,0.4
Qwen2.5-0.5B,adv,38,1,1,0.9
Qwen2.5-0.5B,adv,39,0,0,0.3
Qwen2.5-0.5B,adv,3001,0,0,0.6
Qwen2.5-0.5B,adv,3002,0,0,0.4
Qwen2.5-0.5B,adv,3003,0,0,0.6
Qwen2.5-0.5B,adv,3004,0,0,0.5
Qwen2.5-0.5B,adv,3005,1,1,0.8
Qwen2.5-0.5B,adv,3006,0,0,0.2
Qwen2.5-0.5B,adv,3007,0,0,0.3
Qwen2.5-0.5B,adv,3008,1,1,0.4
Qwen2.5-0.5B,adv,3009,0,0,0.0
Qwen2.5-0.5B,adv,3010,0,1,0.3
Qwen2.5-0.5B,adv,3011,0,0,0.0
Qwen2.5-0.5B,adv,3012,0,0,0.3
Qwen2.5-0.5B,adv,3013,1,1,0.7
Qwen2.5-0.5B,adv,3015,1,0,0.3
Qwen2.5-0.5B,adv,3018,0,0,0.6
Qwen2.5-0.5B,adv,3019,1,1,0.5
Qwen2.5-0.5B,adv,3020,1,0,0.6
Qwen2.5-0.5B,adv,5002,0,0,0.8
Qwen2.5-0.5B,adv,5004,1,1,0.8
Qwen2.5-0.5B,adv,5006,1,0,0.7
Qwen2.5-0.5B,adv,5011,0,0,0.0
Qwen2.5-0.5B,adv,5013,0,1,0.6
Qwen2.5-0.5B,adv,5014,0,1,0.6
Qwen2.5-0.5B,adv,5015,1,1,0.9
Qwen2.5-0.5B,adv,5016,0,0,0.0
Qwen2.5-0.5B,adv,5018,1,1,0.7
Qwen2.5-0.5B,adv,5019,0,0,0.1
Qwen2.5-0.5B,adv,5020,1,1,0.7
Qwen2.5-0.5B,adv,6002,0,0,0.4
Qwen2.5-0.5B,adv,6003,1,0,0.7
Qwen2.5-0.5B,adv,6011,1,1,1.0
Qwen2.5-0.5B,adv,6014,1,1,0.9
Qwen2.5-0.5B,adv,6019,1,1,1.0
Qwen2.5-0.5B,adv,7002,1,0,0.5
Qwen2.5-0.5B,adv,7003,1,1,1.0
Qwen2.5-0.5B,adv,7005,0,0,0.6
Qwen2.5-0.5B,adv,7006,0,1,0.2
Qwen2.5-0.5B,adv,7008,1,0,0.5
Qwen2.5-0.5B,adv,7010,1,1,0.9
Qwen2.5-0.5B,adv,7011,1,1,0.7
Qwen2.5-0.5B,adv,7013,0,0,0.9
Qwen2.5-0.5B,adv,7014,1,0,0.6
Qwen2.5-0.5B,adv,7015,1,1,0.5
Qwen2.5-0.5B,adv,7016,1,1,0.9
Qwen2.5-0.5B,adv,7017,1,1,1.0
Qwen2.5-0.5B,adv,7018,0,1,0.1
Qwen2.5-0.5B,adv,7019,1,0,0.3
Qwen2.5-0.5B,adv,7020,0,0,0.3
Qwen2.5-0.5B,adv,8001,1,1,0.8
Qwen2.5-0.5B,adv,8002,0,0,0.2
Qwen2.5-0.5B,adv,8009,0,0,0.4
Qwen2.5-0.5B,adv,8012,1,1,0.8
Qwen2.5-0.5B,adv,8016,0,1,0.9
Qwen2.5-0.5B,adv,8019,0,0,0.2
Qwen2.5-0.5B,adv,8020,1,1,1.0
Qwen2.5-0.5B,adv,9002,0,0,0.5
Qwen2.5-0.5B,adv,9005,0,0,0.0
Qwen2.5-0.5B,adv,9007,0,1,0.2
Qwen2.5-0.5B,adv,9009,1,1,1.0
Qwen2.5-0.5B,adv,9010,0,1,0.1
Qwen2.5-0.5B,adv,9013,1,0,0.9
Qwen2.5-0.5B,adv,9014,1,1,0.8
Qwen2.5-0.5B,adv,9015,1,0,0.8
Qwen2.5-0.5B,adv,9016,1,1,1.0
Qwen2.5-0.5B,adv,9017,0,0,0.5
Qwen2.5-0.5B,adv,9018,1,0,0.4
Qwen2.5-0.5B,adv,9020,0,1,0.4
Qwen2.5-0.5B,adv,10001,0,0,0.3
Qwen2.5-0.5B,adv,10003,0,1,0.6
Qwen2.5-0.5B,adv,10007,0,1,0.3
Qwen2.5-0.5B,adv,10008,1,0,0.5
Qwen2.5-0.5B,adv,10012,1,1,0.8
Qwen2.5-0.5B,adv,10013,1,1,1.0
Qwen2.5-0.5B,adv,10017,1,0,1.0
Qwen2.5-0.5B,adv,10019,0,1,0.2
Qwen2.5-0.5B,adv,11003,0,0,0.0
Qwen2.5-0.5B,adv,11004,1,0,0.5
Qwen2.5-0.5B,adv,11005,1,1,0.9
Qwen2.5-0.5B,adv,11006,1,1,0.5
Qwen2.5-0.5B,adv,11009,0,0,0.5
Qwen2.5-0.5B,adv,11012,0,0,0.2
Qwen2.5-0.5B,adv,11013,0,1,0.2
Qwen2.5-0.5B,adv,11014,1,1,0.6
Qwen2.5-0.5B,adv,11017,0,0,0.3
Qwen2.5-0.5B,adv,11018,0,1,0.5
Qwen2.5-0.5B,adv,11019,1,0,0.6
Qwen2.5-0.5B,adv,11020,0,1,0.3
Qwen2.5-0.5B,adv,12001,1,1,0.8
Qwen2.5-0.5B,adv,12002,0,0,0.3
Qwen2.5-0.5B,adv,12003,1,1,1.0
Qwen2.5-0.5B,adv,12004,0,1,0.5
Qwen2.5-0.5B,adv,12005,0,0,0.0
Qwen2.5-0.5B,adv,12006,1,1,0.5
Qwen2.5-0.5B,adv,12007,0,1,0.5
Qwen2.5-0.5B,adv,12008,0,1,0.1
Qwen2.5-0.5B,adv,12009,1,1,0.7
Qwen2.5-0.5B,adv,12011,0,0,0.1
Qwen2.5-0.5B,adv,12014,0,0,0.1
Qwen2.5-0.5B,adv,12015,1,1,0.7
Qwen2.5-0.5B,adv,12017,1,1,1.0
Qwen2.5-0.5B,adv,12018,1,0,0.6
Qwen2.5-0.5B,adv,12019,0,1,0.4
Qwen2.5-0.5B,adv,12020,0,0,0.0
Qwen2.5-0.5B,adv,13003,0,1,0.1
Qwen2.5-0.5B,adv,13004,0,0,0.5
Qwen2.5-0.5B,adv,13006,0,0,0.0
Qwen2.5-0.5B,adv,13009,1,1,0.2
Qwen2.5-0.5B,adv,13017,1,1,0.5
Qwen2.5-0.5B,adv,13018,1,1,1.0
Qwen2.5-0.5B,adv,13019,1,1,0.8
Qwen2.5-0.5B,adv,13020,0,0,0.1
Qwen2.5-0.5B,nat,90001,1,1,1.0
Qwen2.5-0.5B,nat,90002,1,1,0.8
Qwen2.5-0.5B,nat,90003,1,1,1.0
Qwen2.5-0.5B,nat,90004,0,0,0.0
Qwen2.5-0.5B,nat,90005,1,1,0.9
Qwen2.5-0.5B,nat,90006,1,1,0.6
Qwen2.5-0.5B,nat,90007,1,1,0.8
Qwen2.5-0.5B,nat,90008,1,1,0.5
Qwen2.5-0.5B,nat,90009,1,1,0.9
Qwen2.5-0.5B,nat,90010,1,1,0.9
Qwen2.5-0.5B,nat,90011,1,0,0.7
Qwen2.5-0.5B,nat,90012,1,1,1.0
Qwen2.5-0.5B,nat,90013,1,1,0.9
Qwen2.5-0.5B,nat,90014,1,0,0.3
Qwen2.5-0.5B,nat,90015,0,1,0.4
Qwen2.5-0.5B,nat,90017,1,1,0.9
Qwen2.5-0.5B,nat,90018,1,0,0.9
Qwen2.5-0.5B,nat,90019,1,1,1.0
Qwen2.5-0.5B,nat,90020,1,1,1.0
Qwen2.5-0.5B,nat,90021,1,1,0.7
Qwen2.5-0.5B,nat,90022,0,0,0.1
Qwen2.5-0.5B,nat,90023,1,1,1.0
Qwen2.5-0.5B,nat,90024,0,0,0.1
Qwen2.5-0.5B,nat,90033,0,0,0.7
Qwen2.5-0.5B,nat,90034,1,1,0.9
Qwen2.5-0.5B,nat,90035,0,1,0.3
Qwen2.5-0.5B,nat,90036,1,1,1.0
Qwen2.5-0.5B,nat,90037,1,1,0.4
Qwen2.5-0.5B,nat,90038,1,1,1.0
Qwen2.5-0.5B,nat,90039,1,1,1.0
Qwen2.5-0.5B,nat,90040,1,0,0.8
Qwen2.5-0.5B,nat,90041,1,1,0.8
Qwen2.5-0.5B,nat,90042,1,1,1.0
Qwen2.5-0.5B,nat,90043,1,1,0.3
Qwen2.5-0.5B,nat,90044,1,1,1.0
Qwen2.5-0.5B,nat,90045,1,1,0.9
Qwen2.5-0.5B,nat,90046,1,1,1.0
Qwen2.5-0.5B,nat,90047,1,0,0.2
Qwen2.5-0.5B,nat,90048,1,0,0.8
Qwen2.5-0.5B,nat,90049,0,1,0.6
Qwen2.5-0.5B,nat,90050,1,0,0.3
Qwen2.5-0.5B,nat,90051,0,0,0.0
Qwen2.5-0.5B,nat,90059,1,1,0.7
Qwen2.5-0.5B,nat,90060,1,1,0.1
Qwen2.5-0.5B,nat,90061,0,0,0.5
Qwen2.5-0.5B,nat,90062,0,0,0.2
Qwen2.5-0.5B,nat,90063,1,1,0.8
Qwen2.5-0.5B,nat,90064,0,0,0.3
Qwen2.5-0.5B,nat,90065,1,1,0.8
Qwen2.5-0.5B,nat,90066,1,1,0.9
Qwen2.5-0.5B,nat,90067,1,1,0.7
Qwen2.5-0.5B,nat,90068,1,1,0.9
Qwen2.5-0.5B,nat,90069,1,1,1.0
Qwen2.5-0.5B,nat,90070,0,0,0.3
Qwen2.5-0.5B,nat,90071,0,1,0.7
Qwen2.5-0.5B,nat,90072,1,1,0.9
Qwen2.5-0.5B,nat,90079,1,1,0.9
Qwen2.5-0.5B,nat,90080,1,1,0.6
Qwen2.5-0.5B,nat,90081,1,0,0.6
Qwen2.5-0.5B,nat,90082,1,1,1.0
Qwen2.5-0.5B,nat,90083,0,0,0.0
Qwen2.5-0.5B,nat,90084,0,0,0.2
Qwen2.5-0.5B,nat,90085,1,1,1.0
Qwen2.5-0.5B,nat,90086,0,1,0.5
Qwen2.5-0.5B,nat,90087,1,1,1.0
Qwen2.5-0.5B,nat,90088,0,0,0.6
Qwen2.5-0.5B,nat,90089,0,0,0.2
Qwen2.5-0.5B,nat,90090,1,0,1.0
Qwen2.5-0.5B,nat,90091,1,1,0.8
Qwen2.5-0.5B,nat,90092,0,0,0.3
Qwen2.5-0.5B,nat,90097,1,0,0.9
Qwen2.5-0.5B,nat,90100,0,1,0.2
Qwen2.5-0.5B,nat,90101,1,1,1.0
Qwen2.5-0.5B,nat,90103,0,1,0.9
Qwen2.5-0.5B,nat,90104,1,0,0.7
Qwen2.5-0.5B,nat,90105,1,1,1.0
Qwen2.5-0.5B,nat,90106,1,1,1.0
Qwen2.5-0.5B,nat,90107,1,1,0.9
Qwen2.5-0.5B,nat,90112,1,1,0.7
Qwen2.5-0.5B,nat,90113,1,1,1.0
Qwen2.5-0.5B,nat,90114,0,1,0.8
Qwen2.5-0.5B,nat,90115,1,0,0.6
Qwen2.5-0.5B,nat,90116,1,1,1.0
Qwen2.5-0.5B,nat,90117,0,0,0.1
Qwen2.5-0.5B,nat,90118,0,0,0.0
Qwen2.5-0.5B,nat,90119,0,0,0.0
Qwen2.5-0.5B,nat,90120,1,1,0.1
Qwen2.5-0.5B,nat,90121,1,1,0.9
Qwen2.5-0.5B,nat,90122,0,1,0.1
Qwen2.5-0.5B,nat,90127,1,0,0.8
Qwen2.5-0.5B,nat,90128,0,0,0.6
Qwen2.5-0.5B,nat,90129,1,1,1.0
Qwen2.5-0.5B,nat,90130,0,0,0.3
Qwen2.5-0.5B,nat,90131,1,0,0.8
Qwen2.5-0.5B,nat,90132,1,1,0.6
Qwen2.5-0.5B,nat,90133,0,1,0.8
Qwen2.5-0.5B,nat,90134,1,1,0.9
Qwen2.5-0.5B,nat,90135,1,0,0.9
Qwen2.5-0.5B,nat,90136,1,1,0.8
Qwen2.5-0.5B,nat,90141,0,0,0.0
Qwen2.5-0.5B,nat,90142,1,0,0.9
Qwen2.5-0.5B,nat,90143,0,0,0.5
Qwen2.5-0.5B,nat,90144,1,1,0.6
Qwen2.5-0.5B,nat,90145,0,0,0.1
Qwen2.5-0.5B,nat,90146,0,0,0.3
Qwen2.5-0.5B,nat,90147,0,0,0.5
Qwen2.5-0.5B,nat,90148,1,1,0.6
Qwen2.5-0.5B,nat,90152,1,0,0.5
Qwen2.5-0.5B,nat,90154,0,0,0.3
Qwen2.5-0.5B,nat,90155,1,1,0.6
Qwen2.5-0.5B,nat,90156,0,0,0.0
Qwen2.5-0.5B,nat,90157,0,0,0.4
Qwen2.5-0.5B,nat,90158,1,0,1.0
Qwen2.5-0.5B,nat,90159,1,1,0.6
Qwen2.5-0.5B,nat,90160,1,0,0.9
Qwen2.5-0.5B,nat,90163,0,0,0.0
Qwen2.5-0.5B,nat,90164,0,0,0.4
Qwen2.5-0.5B,nat,90165,1,1,0.7
Qwen2.5-0.5B,nat,90166,1,1,0.9
Qwen2.5-0.5B,nat,90167,1,1,1.0
Qwen2.5-0.5B,nat,90168,1,1,0.4
Qwen2.5-0.5B,nat,90169,1,0,0.7
Qwen2.5-0.5B,nat,90172,0,0,0.6
Qwen2.5-0.5B,nat,90174,1,1,0.4
Qwen2.5-0.5B,nat,90175,1,1,0.8
Qwen2.5-0.5B,nat,90176,1,1,0.4
Qwen2.5-0.5B,nat,90177,0,0,0.0
Qwen2.5-0.5B,nat,90178,1,1,1.0
Qwen2.5-0.5B,nat,90180,0,1,0.6
Qwen2.5-0.5B,nat,90181,1,1,1.0
Qwen2.5-0.5B,nat,90182,1,0,0.5
BGE-Multi-Gemma2,adv,2,1,1,1.0
BGE-Multi-Gemma2,adv,3,1,0,0.9
BGE-Multi-Gemma2,adv,4,1,1,1.0
BGE-Multi-Gemma2,adv,7,1,1,0.7
BGE-Multi-Gemma2,adv,10,1,1,1.0
BGE-Multi-Gemma2,adv,12,0,0,0.0
BGE-Multi-Gemma2,adv,14,0,0,0.0
BGE-Multi-Gemma2,adv,17,0,1,0.2
BGE-Multi-Gemma2,adv,18,0,1,0.6
BGE-Multi-Gemma2,adv,23,1,1,1.0
BGE-Multi-Gemma2,adv,24,1,1,0.9
BGE-Multi-Gemma2,adv,26,0,0,0.0
BGE-Multi-Gemma2,adv,29,0,0,0.1
BGE-Multi-Gemma2,adv,32,1,0,0.7
BGE-Multi-Gemma2,adv,33,1,1,0.9
BGE-Multi-Gemma2,adv,34,1,0,1.0
BGE-Multi-Gemma2,adv,35,1,1,1.0
BGE-Multi-Gemma2,adv,36,0,0,0.4
BGE-Multi-Gemma2,adv,38,1,1,1.0
BGE-Multi-Gemma2,adv,39,1,1,0.7
BGE-Multi-Gemma2,adv,3001,1,1,1.0
BGE-Multi-Gemma2,adv,3002,1,1,1.0
BGE-Multi-Gemma2,adv,3003,0,1,0.2
BGE-Multi-Gemma2,adv,3004,1,1,1.0
BGE-Multi-Gemma2,adv,3005,0,0,0.1
BGE-Multi-Gemma2,adv,3006,1,1,1.0
BGE-Multi-Gemma2,adv,3007,1,1,1.0
BGE-Multi-Gemma2,adv,3008,0,0,0.0
BGE-Multi-Gemma2,adv,3009,0,1,0.3
BGE-Multi-Gemma2,adv,3010,1,1,1.0
BGE-Multi-Gemma2,adv,3011,1,1,0.8
BGE-Multi-Gemma2,adv,3012,1,1,1.0
BGE-Multi-Gemma2,adv,3013,1,1,1.0
BGE-Multi-Gemma2,adv,3015,1,1,1.0
BGE-Multi-Gemma2,adv,3018,1,1,1.0
BGE-Multi-Gemma2,adv,3019,0,0,0.0
BGE-Multi-Gemma2,adv,3020,0,0,0.0
BGE-Multi-Gemma2,adv,5002,1,1,1.0
BGE-Multi-Gemma2,adv,5004,0,0,0.1
BGE-Multi-Gemma2,adv,5006,1,1,1.0
BGE-Multi-Gemma2,adv,5011,1,1,1.0
BGE-Multi-Gemma2,adv,5013,1,1,0.8
BGE-Multi-Gemma2,adv,5014,1,1,1.0
BGE-Multi-Gemma2,adv,5015,1,1,1.0
BGE-Multi-Gemma2,adv,5016,0,0,0.0
BGE-Multi-Gemma2,adv,5018,1,1,0.7
BGE-Multi-Gemma2,adv,5019,0,0,0.3
BGE-Multi-Gemma2,adv,5020,1,1,1.0
BGE-Multi-Gemma2,adv,6002,1,1,0.5
BGE-Multi-Gemma2,adv,6003,1,1,0.8
BGE-Multi-Gemma2,adv,6011,1,1,0.9
BGE-Multi-Gemma2,adv,6014,1,1,1.0
BGE-Multi-Gemma2,adv,6019,0,0,0.9
BGE-Multi-Gemma2,adv,7002,0,0,0.0
BGE-Multi-Gemma2,adv,7003,1,1,1.0
BGE-Multi-Gemma2,adv,7005,1,1,1.0
BGE-Multi-Gemma2,adv,7006,0,1,0.0
BGE-Multi-Gemma2,adv,7008,1,1,0.6
BGE-Multi-Gemma2,adv,7010,0,0,0.0
BGE-Multi-Gemma2,adv,7011,1,1,1.0
BGE-Multi-Gemma2,adv,7013,1,1,0.8
BGE-Multi-Gemma2,adv,7014,0,1,0.5
BGE-Multi-Gemma2,adv,7015,1,1,0.3
BGE-Multi-Gemma2,adv,7016,1,1,1.0
BGE-Multi-Gemma2,adv,7017,1,1,0.8
BGE-Multi-Gemma2,adv,7018,0,0,0.5
BGE-Multi-Gemma2,adv,7019,0,1,0.0
BGE-Multi-Gemma2,adv,7020,1,1,0.6
BGE-Multi-Gemma2,adv,8001,1,1,1.0
BGE-Multi-Gemma2,adv,8002,1,1,0.8
BGE-Multi-Gemma2,adv,8009,1,0,0.5
BGE-Multi-Gemma2,adv,8012,0,0,0.1
BGE-Multi-Gemma2,adv,8016,1,1,1.0
BGE-Multi-Gemma2,adv,8019,0,0,0.0
BGE-Multi-Gemma2,adv,8020,0,0,0.1
BGE-Multi-Gemma2,adv,9002,1,1,1.0
BGE-Multi-Gemma2,adv,9005,1,1,1.0
BGE-Multi-Gemma2,adv,9007,1,1,0.4
BGE-Multi-Gemma2,adv,9009,1,1,1.0
BGE-Multi-Gemma2,adv,9010,1,1,1.0
BGE-Multi-Gemma2,adv,9013,1,1,0.7
BGE-Multi-Gemma2,adv,9014,0,1,0.5
BGE-Multi-Gemma2,adv,9015,0,0,0.0
BGE-Multi-Gemma2,adv,9016,1,0,0.7
BGE-Multi-Gemma2,adv,9017,1,1,0.7
BGE-Multi-Gemma2,adv,9018,0,0,0.1
BGE-Multi-Gemma2,adv,9020,1,1,1.0
BGE-Multi-Gemma2,adv,10001,1,1,1.0
BGE-Multi-Gemma2,adv,10003,0,0,0.1
BGE-Multi-Gemma2,adv,10007,1,1,0.8
BGE-Multi-Gemma2,adv,10008,1,1,1.0
BGE-Multi-Gemma2,adv,10012,0,1,0.7
BGE-Multi-Gemma2,adv,10013,1,1,1.0
BGE-Multi-Gemma2,adv,10017,1,1,1.0
BGE-Multi-Gemma2,adv,10019,0,1,0.2
BGE-Multi-Gemma2,adv,11003,1,1,0.9
BGE-Multi-Gemma2,adv,11004,0,0,0.1
BGE-Multi-Gemma2,adv,11005,0,1,0.0
BGE-Multi-Gemma2,adv,11006,1,1,1.0
BGE-Multi-Gemma2,adv,11009,1,1,0.9
BGE-Multi-Gemma2,adv,11012,0,1,0.2
BGE-Multi-Gemma2,adv,11013,0,0,0.5
BGE-Multi-Gemma2,adv,11014,0,0,0.6
BGE-Multi-Gemma2,adv,11017,0,1,0.0
BGE-Multi-Gemma2,adv,11018,1,1,0.9
BGE-Multi-Gemma2,adv,11019,0,0,0.1
BGE-Multi-Gemma2,adv,11020,1,1,0.7
BGE-Multi-Gemma2,adv,12001,1,1,0.5
BGE-Multi-Gemma2,adv,12002,0,0,0.8
BGE-Multi-Gemma2,adv,12003,1,1,1.0
BGE-Multi-Gemma2,adv,12004,0,0,0.2
BGE-Multi-Gemma2,adv,12005,1,1,1.0
BGE-Multi-Gemma2,adv,12006,1,1,1.0
BGE-Multi-Gemma2,adv,12007,1,1,0.3
BGE-Multi-Gemma2,adv,12008,0,0,0.1
BGE-Multi-Gemma2,adv,12009,1,1,1.0
BGE-Multi-Gemma2,adv,12011,1,1,1.0
BGE-Multi-Gemma2,adv,12014,1,0,0.8
BGE-Multi-Gemma2,adv,12015,0,0,0.0
BGE-Multi-Gemma2,adv,12017,1,0,0.8
BGE-Multi-Gemma2,adv,12018,1,1,0.8
BGE-Multi-Gemma2,adv,12019,1,1,0.9
BGE-Multi-Gemma2,adv,12020,0,1,0.3
BGE-Multi-Gemma2,adv,13003,1,1,1.0
BGE-Multi-Gemma2,adv,13004,0,1,0.2
BGE-Multi-Gemma2,adv,13006,1,0,1.0
BGE-Multi-Gemma2,adv,13009,0,0,0.0
BGE-Multi-Gemma2,adv,13017,1,1,1.0
BGE-Multi-Gemma2,adv,13018,1,1,1.0
BGE-Multi-Gemma2,adv,13019,0,0,0.1
BGE-Multi-Gemma2,adv,13020,0,0,0.4
BGE-Multi-Gemma2,nat,90001,1,1,0.7
BGE-Multi-Gemma2,nat,90002,0,0,0.3
BGE-Multi-Gemma2,nat,90003,0,1,0.4
BGE-Multi-Gemma2,nat,90004,1,1,1.0
BGE-Multi-Gemma2,nat,90005,0,1,0.4
BGE-Multi-Gemma2,nat,90006,1,1,0.7
BGE-Multi-Gemma2,nat,90007,0,0,0.3
BGE-Multi-Gemma2,nat,90008,1,1,1.0
BGE-Multi-Gemma2,nat,90009,0,1,0.5
BGE-Multi-Gemma2,nat,90010,1,1,1.0
BGE-Multi-Gemma2,nat,90011,1,1,0.8
BGE-Multi-Gemma2,nat,90012,1,1,1.0
BGE-Multi-Gemma2,nat,90013,1,1,1.0
BGE-Multi-Gemma2,nat,90014,0,0,0.0
BGE-Multi-Gemma2,nat,90015,1,1,0.6
BGE-Multi-Gemma2,nat,90017,1,0,0.6
BGE-Multi-Gemma2,nat,90018,0,0,0.0
BGE-Multi-Gemma2,nat,90019,1,1,0.7
BGE-Multi-Gemma2,nat,90020,1,1,1.0
BGE-Multi-Gemma2,nat,90021,0,0,0.5
BGE-Multi-Gemma2,nat,90022,0,0,0.1
BGE-Multi-Gemma2,nat,90023,1,0,0.9
BGE-Multi-Gemma2,nat,90024,1,1,0.8
BGE-Multi-Gemma2,nat,90033,1,1,0.8
BGE-Multi-Gemma2,nat,90034,1,1,0.8
BGE-Multi-Gemma2,nat,90035,1,1,0.9
BGE-Multi-Gemma2,nat,90036,1,1,0.7
BGE-Multi-Gemma2,nat,90037,1,1,0.8
BGE-Multi-Gemma2,nat,90038,1,1,0.9
BGE-Multi-Gemma2,nat,90039,1,1,0.9
BGE-Multi-Gemma2,nat,90040,0,0,0.2
BGE-Multi-Gemma2,nat,90041,0,0,0.8
BGE-Multi-Gemma2,nat,90042,1,1,0.7
BGE-Multi-Gemma2,nat,90043,1,1,1.0
BGE-Multi-Gemma2,nat,90044,1,0,0.6
BGE-Multi-Gemma2,nat,90045,1,1,0.6
BGE-Multi-Gemma2,nat,90046,1,1,0.6
BGE-Multi-Gemma2,nat,90047,0,0,0.1
BGE-Multi-Gemma2,nat,90048,1,1,0.8
BGE-Multi-Gemma2,nat,90049,1,1,1.0
BGE-Multi-Gemma2,nat,90050,1,1,0.9
BGE-Multi-Gemma2,nat,90051,1,0,0.6
BGE-Multi-Gemma2,nat,90059,1,1,1.0
BGE-Multi-Gemma2,nat,90060,0,0,0.2
BGE-Multi-Gemma2,nat,90061,0,0,0.5
BGE-Multi-Gemma2,nat,90062,1,1,0.5
BGE-Multi-Gemma2,nat,90063,1,1,0.7
BGE-Multi-Gemma2,nat,90064,0,0,0.0
BGE-Multi-Gemma2,nat,90065,1,1,1.0
BGE-Multi-Gemma2,nat,90066,1,1,1.0
BGE-Multi-Gemma2,nat,90067,1,1,1.0
BGE-Multi-Gemma2,nat,90068,0,1,0.6
BGE-Multi-Gemma2,nat,90069,1,1,0.2
BGE-Multi-Gemma2,nat,90070,0,0,0.1
BGE-Multi-Gemma2,nat,90071,0,1,0.8
BGE-Multi-Gemma2,nat,90072,0,0,0.5
BGE-Multi-Gemma2,nat,90079,1,1,0.6
BGE-Multi-Gemma2,nat,90080,1,1,0.9
BGE-Multi-Gemma2,nat,90081,1,1,0.4
BGE-Multi-Gemma2,nat,90082,1,1,1.0
BGE-Multi-Gemma2,nat,90083,0,0,0.1
BGE-Multi-Gemma2,nat,90084,1,1,0.7
BGE-Multi-Gemma2,nat,90085,0,0,0.6
BGE-Multi-Gemma2,nat,90086,1,1,1.0
BGE-Multi-Gemma2,nat,90087,0,0,0.0
BGE-Multi-Gemma2,nat,90088,0,0,0.7
BGE-Multi-Gemma2,nat,90089,0,0,0.1
BGE-Multi-Gemma2,nat,90090,0,0,0.8
BGE-Multi-Gemma2,nat,90091,1,1,0.6
BGE-Multi-Gemma2,nat,90092,1,1,1.0
BGE-Multi-Gemma2,nat,90097,1,1,1.0
BGE-Multi-Gemma2,nat,90100,1,1,0.8
BGE-Multi-Gemma2,nat,90101,0,0,1.0
BGE-Multi-Gemma2,nat,90103,1,1,0.6
BGE-Multi-Gemma2,nat,90104,0,0,0.7
BGE-Multi-Gemma2,nat,90105,0,0,0.1
BGE-Multi-Gemma2,nat,90106,0,1,0.4
BGE-Multi-Gemma2,nat,90107,0,0,0.7
BGE-Multi-Gemma2,nat,90112,1,1,1.0
BGE-Multi-Gemma2,nat,90113,1,1,1.0
BGE-Multi-Gemma2,nat,90114,0,0,0.0
BGE-Multi-Gemma2,nat,90115,1,0,0.6
BGE-Multi-Gemma2,nat,90116,1,1,1.0
BGE-Multi-Gemma2,nat,90117,0,0,0.0
BGE-Multi-Gemma2,nat,90118,0,0,0.0
BGE-Multi-Gemma2,nat,90119,1,1,1.0
BGE-Multi-Gemma2,nat,90120,1,1,0.9
BGE-Multi-Gemma2,nat,90121,0,0,0.3
BGE-Multi-Gemma2,nat,90122,1,1,1.0
BGE-Multi-Gemma2,nat,90127,1,0,0.8
BGE-Multi-Gemma2,nat,90128,1,1,1.0
BGE-Multi-Gemma2,nat,90129,1,1,1.0
BGE-Multi-Gemma2,nat,90130,1,1,0.9
BGE-Multi-Gemma2,nat,90131,0,0,0.7
BGE-Multi-Gemma2,nat,90132,1,1,0.1
BGE-Multi-Gemma2,nat,90133,0,0,0.7
BGE-Multi-Gemma2,nat,90134,1,1,0.7
BGE-Multi-Gemma2,nat,90135,1,1,1.0
BGE-Multi-Gemma2,nat,90136,1,1,1.0
BGE-Multi-Gemma2,nat,90141,1,1,1.0
BGE-Multi-Gemma2,nat,90142,1,1,1.0
BGE-Multi-Gemma2,nat,90143,0,0,0.2
BGE-Multi-Gemma2,nat,90144,1,1,1.0
BGE-Multi-Gemma2,nat,90145,0,0,0.6
BGE-Multi-Gemma2,nat,90146,1,1,1.0
BGE-Multi-Gemma2,nat,90147,1,1,1.0
BGE-Multi-Gemma2,nat,90148,0,0,0.8
BGE-Multi-Gemma2,nat,90152,1,1,0.9
BGE-Multi-Gemma2,nat,90154,0,0,0.2
BGE-Multi-Gemma2,nat,90155,1,1,1.0
BGE-Multi-Gemma2,nat,90156,1,1,1.0
BGE-Multi-Gemma2,nat,90157,0,0,0.0
BGE-Multi-Gemma2,nat,90158,1,1,1.0
BGE-Multi-Gemma2,nat,90159,1,1,0.9
BGE-Multi-Gemma2,nat,90160,1,1,0.8
BGE-Multi-Gemma2,nat,90163,1,1,0.6
BGE-Multi-Gemma2,nat,90164,1,1,1.0
BGE-Multi-Gemma2,nat,90165,1,1,1.0
BGE-Multi-Gemma2,nat,90166,0,0,0.0
BGE-Multi-Gemma2,nat,90167,1,1,0.9
BGE-Multi-Gemma2,nat,90168,1,1,0.8
BGE-Multi-Gemma2,nat,90169,1,1,1.0
BGE-Multi-Gemma2,nat,90172,0,0,0.3
BGE-Multi-Gemma2,nat,90174,1,1,0.4
BGE-Multi-Gemma2,nat,90175,1,0,0.6
BGE-Multi-Gemma2,nat,90176,0,0,0.3
BGE-Multi-Gemma2,nat,90177,0,0,0.0
BGE-Multi-Gemma2,nat,90178,0,1,0.7
BGE-Multi-Gemma2,nat,90180,0,0,0.0
BGE-Multi-Gemma2,nat,90181,1,1,1.0
BGE-Multi-Gemma2,nat,90182,1,1,0.9
Phi-3.5-mini,adv,2,0,0,0.0
Phi-3.5-mini,adv,3,0,0,0.0
Phi-3.5-mini,adv,4,1,1,1.0
Phi-3.5-mini,adv,7,1,1,0.6
Phi-3.5-mini,adv,10,1,1,1.0
Phi-3.5-mini,adv,12,0,0,0.0
Phi-3.5-mini,adv,14,0,1,0.2
Phi-3.5-mini,adv,17,1,1,0.8
Phi-3.5-mini,adv,18,0,0,0.1
Phi-3.5-mini,adv,23,0,0,0.1
Phi-3.5-mini,adv,24,0,1,0.3
Phi-3.5-mini,adv,26,0,0,0.0
Phi-3.5-mini,adv,29,0,0,0.0
Phi-3.5-mini,adv,32,0,0,0.3
Phi-3.5-mini,adv,33,0,1,0.3
Phi-3.5-mini,adv,34,0,0,0.5
Phi-3.5-mini,adv,35,0,0,0.3
Phi-3.5-mini,adv,36,0,1,0.0
Phi-3.5-mini,adv,38,1,0,0.6
Phi-3.5-mini,adv,39,0,0,0.0
Phi-3.5-mini,adv,3001,0,1,0.4
Phi-3.5-mini,adv,3002,0,1,0.0
Phi-3.5-mini,adv,3003,0,0,0.2
Phi-3.5-mini,adv,3004,0,1,0.0
Phi-3.5-mini,adv,3005,0,0,0.2
Phi-3.5-mini,adv,3006,0,0,0.1
Phi-3.5-mini,adv,3007,0,1,0.3
Phi-3.5-mini,adv,3008,1,1,0.9
Phi-3.5-mini,adv,3009,0,1,0.4
Phi-3.5-mini,adv,3010,0,0,0.0
Phi-3.5-mini,adv,3011,0,0,0.0
Phi-3.5-mini,adv,3012,1,1,0.4
Phi-3.5-mini,adv,3013,0,1,0.0
Phi-3.5-mini,adv,3015,1,1,0.6
Phi-3.5-mini,adv,3018,1,1,0.6
Phi-3.5-mini,adv,3019,0,1,0.1
Phi-3.5-mini,adv,3020,0,1,0.0
Phi-3.5-mini,adv,5002,0,0,0.0
Phi-3.5-mini,adv,5004,1,1,0.2
Phi-3.5-mini,adv,5006,1,1,0.7
Phi-3.5-mini,adv,5011,1,1,0.9
Phi-3.5-mini,adv,5013,1,1,0.8
Phi-3.5-mini,adv,5014,1,1,0.6
Phi-3.5-mini,adv,5015,0,0,0.0
Phi-3.5-mini,adv,5016,0,0,0.0
Phi-3.5-mini,adv,5018,0,0,0.0
Phi-3.5-mini,adv,5019,0,0,0.0
Phi-3.5-mini,adv,5020,0,1,0.0
Phi-3.5-mini,adv,6002,1,1,1.0
Phi-3.5-mini,adv,6003,1,1,0.4
Phi-3.5-mini,adv,6011,1,1,0.5
Phi-3.5-mini,adv,6014,1,1,1.0
Phi-3.5-mini,adv,6019,1,1,0.8
Phi-3.5-mini,adv,7002,0,0,0.2
Phi-3.5-mini,adv,7003,1,1,0.4
Phi-3.5-mini,adv,7005,0,1,0.2
Phi-3.5-mini,adv,7006,0,1,0.4
Phi-3.5-mini,adv,7008,0,1,0.1
Phi-3.5-mini,adv,7010,0,0,0.0
Phi-3.5-mini,adv,7011,1,1,1.0
Phi-3.5-mini,adv,7013,0,0,0.0
Phi-3.5-mini,adv,7014,0,0,0.0
Phi-3.5-mini,adv,7015,0,0,0.0
Phi-3.5-mini,adv,7016,1,1,0.9
Phi-3.5-mini,adv,7017,1,1,0.2
Phi-3.5-mini,adv,7018,0,1,0.3
Phi-3.5-mini,adv,7019,0,0,0.0
Phi-3.5-mini,adv,7020,1,1,0.5
Phi-3.5-mini,adv,8001,0,0,0.2
Phi-3.5-mini,adv,8002,1,1,0.3
Phi-3.5-mini,adv,8009,0,0,0.1
Phi-3.5-mini,adv,8012,1,1,0.9
Phi-3.5-mini,adv,8016,1,1,0.7
Phi-3.5-mini,adv,8019,0,0,0.0
Phi-3.5-mini,adv,8020,0,0,0.0
Phi-3.5-mini,adv,9002,1,1,0.7
Phi-3.5-mini,adv,9005,1,1,0.7
Phi-3.5-mini,adv,9007,1,1,0.2
Phi-3.5-mini,adv,9009,0,1,0.1
Phi-3.5-mini,adv,9010,0,0,0.1
Phi-3.5-mini,adv,9013,0,0,0.3
Phi-3.5-mini,adv,9014,1,1,0.9
Phi-3.5-mini,adv,9015,0,0,0.0
Phi-3.5-mini,adv,9016,1,0,0.4
Phi-3.5-mini,adv,9017,1,0,0.5
Phi-3.5-mini,adv,9018,0,0,0.0
Phi-3.5-mini,adv,9020,1,1,0.7
Phi-3.5-mini,adv,10001,1,1,0.4
Phi-3.5-mini,adv,10003,1,1,0.5
Phi-3.5-mini,adv,10007,0,0,0.0
Phi-3.5-mini,adv,10008,0,0,0.4
Phi-3.5-mini,adv,10012,1,1,0.3
Phi-3.5-mini,adv,10013,1,1,0.8
Phi-3.5-mini,adv,10017,0,0,0.3
Phi-3.5-mini,adv,10019,1,1,0.7
Phi-3.5-mini,adv,11003,1,1,0.5
Phi-3.5-mini,adv,11004,1,1,0.1
Phi-3.5-mini,adv,11005,0,0,0.0
Phi-3.5-mini,adv,11006,1,1,0.9
Phi-3.5-mini,adv,11009,1,1,0.6
Phi-3.5-mini,adv,11012,0,0,0.0
Phi-3.5-mini,adv,11013,1,1,0.8
Phi-3.5-mini,adv,11014,0,1,0.0
Phi-3.5-mini,adv,11017,0,1,0.0
Phi-3.5-mini,adv,11018,0,0,0.3
Phi-3.5-mini,adv,11019,0,0,0.2
Phi-3.5-mini,adv,11020,0,1,0.1
Phi-3.5-mini,adv,12001,1,1,0.9
Phi-3.5-mini,adv,12002,1,1,0.3
Phi-3.5-mini,adv,12003,1,0,0.4
Phi-3.5-mini,adv,12004,0,1,0.1
Phi-3.5-mini,adv,12005,0,0,0.0
Phi-3.5-mini,adv,12006,1,1,0.3
Phi-3.5-mini,adv,12007,1,1,0.6
Phi-3.5-mini,adv,12008,0,0,0.0
Phi-3.5-mini,adv,12009,1,1,0.4
Phi-3.5-mini,adv,12011,1,1,0.6
Phi-3.5-mini,adv,12014,0,0,0.0
Phi-3.5-mini,adv,12015,1,1,0.8
Phi-3.5-mini,adv,12017,0,1,0.4
Phi-3.5-mini,adv,12018,1,0,0.5
Phi-3.5-mini,adv,12019,1,1,0.9
Phi-3.5-mini,adv,12020,0,0,0.0
Phi-3.5-mini,adv,13003,0,1,0.1
Phi-3.5-mini,adv,13004,0,0,0.2
Phi-3.5-mini,adv,13006,0,0,0.1
Phi-3.5-mini,adv,13009,1,1,0.1
Phi-3.5-mini,adv,13017,1,1,0.8
Phi-3.5-mini,adv,13018,0,1,0.5
Phi-3.5-mini,adv,13019,1,0,0.4
Phi-3.5-mini,adv,13020,0,0,0.0
Phi-3.5-mini,nat,90001,1,0,0.6
Phi-3.5-mini,nat,90002,1,1,0.7
Phi-3.5-mini,nat,90003,1,1,1.0
Phi-3.5-mini,nat,90004,1,1,0.9
Phi-3.5-mini,nat,90005,0,0,0.2
Phi-3.5-mini,nat,90006,1,0,0.3
Phi-3.5-mini,nat,90007,1,1,1.0
Phi-3.5-mini,nat,90008,1,1,0.9
Phi-3.5-mini,nat,90009,0,1,0.5
Phi-3.5-mini,nat,90010,1,1,1.0
Phi-3.5-mini,nat,90011,1,1,1.0
Phi-3.5-mini,nat,90012,1,1,1.0
Phi-3.5-mini,nat,90013,1,1,1.0
Phi-3.5-mini,nat,90014,1,1,0.9
Phi-3.5-mini,nat,90015,1,1,1.0
Phi-3.5-mini,nat,90017,1,1,1.0
Phi-3.5-mini,nat,90018,0,1,0.3
Phi-3.5-mini,nat,90019,0,0,0.2
Phi-3.5-mini,nat,90020,1,1,0.7
Phi-3.5-mini,nat,90021,1,1,0.9
Phi-3.5-mini,nat,90022,1,1,0.4
Phi-3.5-mini,nat,90023,1,1,1.0
Phi-3.5-mini,nat,90024,0,1,0.4
Phi-3.5-mini,nat,90033,1,1,0.8
Phi-3.5-mini,nat,90034,1,1,1.0
Phi-3.5-mini,nat,90035,0,0,0.2
Phi-3.5-mini,nat,90036,1,1,1.0
Phi-3.5-mini,nat,90037,1,1,0.6
Phi-3.5-mini,nat,90038,0,1,0.1
Phi-3.5-mini,nat,90039,1,0,0.8
Phi-3.5-mini,nat,90040,0,0,0.9
Phi-3.5-mini,nat,90041,0,0,0.1
Phi-3.5-mini,nat,90042,0,0,0.8
Phi-3.5-mini,nat,90043,1,1,1.0
Phi-3.5-mini,nat,90044,1,1,1.0
Phi-3.5-mini,nat,90045,0,1,0.3
Phi-3.5-mini,nat,90046,1,1,1.0
Phi-3.5-mini,nat,90047,1,1,1.0
Phi-3.5-mini,nat,90048,1,1,1.0
Phi-3.5-mini,nat,90049,1,1,0.9
Phi-3.5-mini,nat,90050,1,0,0.9
Phi-3.5-mini,nat,90051,1,1,0.9
Phi-3.5-mini,nat,90059,1,1,1.0
Phi-3.5-mini,nat,90060,1,1,0.3
Phi-3.5-mini,nat,90061,0,1,0.5
Phi-3.5-mini,nat,90062,1,1,1.0
Phi-3.5-mini,nat,90063,1,1,1.0
Phi-3.5-mini,nat,90064,1,1,1.0
Phi-3.5-mini,nat,90065,1,1,0.8
Phi-3.5-mini,nat,90066,1,1,1.0
Phi-3.5-mini,nat,90067,1,0,1.0
Phi-3.5-mini,nat,90068,1,1,0.9
Phi-3.5-mini,nat,90069,0,0,0.0
Phi-3.5-mini,nat,90070,0,1,0.0
Phi-3.5-mini,nat,90071,1,1,0.6
Phi-3.5-mini,nat,90072,1,1,0.9
Phi-3.5-mini,nat,90079,1,1,0.6
Phi-3.5-mini,nat,90080,1,1,1.0
Phi-3.5-mini,nat,90081,0,0,0.4
Phi-3.5-mini,nat,90082,1,1,1.0
Phi-3.5-mini,nat,90083,0,1,0.5
Phi-3.5-mini,nat,90084,1,1,1.0
Phi-3.5-mini,nat,90085,0,0,0.3
Phi-3.5-mini,nat,90086,1,1,0.7
Phi-3.5-mini,nat,90087,1,1,1.0
Phi-3.5-mini,nat,90088,1,1,1.0
Phi-3.5-mini,nat,90089,1,0,0.8
Phi-3.5-mini,nat,90090,1,1,1.0
Phi-3.5-mini,nat,90091,1,1,0.9
Phi-3.5-mini,nat,90092,0,1,0.0
Phi-3.5-mini,nat,90097,1,1,1.0
Phi-3.5-mini,nat,90100,0,1,0.3
Phi-3.5-mini,nat,90101,1,1,1.0
Phi-3.5-mini,nat,90103,1,1,1.0
Phi-3.5-mini,nat,90104,0,0,0.2
Phi-3.5-mini,nat,90105,1,1,0.5
Phi-3.5-mini,nat,90106,1,1,1.0
Phi-3.5-mini,nat,90107,0,1,0.2
Phi-3.5-mini,nat,90112,0,0,0.1
Phi-3.5-mini,nat,90113,1,1,1.0
Phi-3.5-mini,nat,90114,0,1,0.6
Phi-3.5-mini,nat,90115,1,1,1.0
Phi-3.5-mini,nat,90116,0,1,0.6
Phi-3.5-mini,nat,90117,0,0,0.2
Phi-3.5-mini,nat,90118,0,0,0.0
Phi-3.5-mini,nat,90119,0,0,0.0
Phi-3.5-mini,nat,90120,1,1,0.5
Phi-3.5-mini,nat,90121,1,1,1.0
Phi-3.5-mini,nat,90122,1,1,0.8
Phi-3.5-mini,nat,90127,0,1,0.1
Phi-3.5-mini,nat,90128,1,0,1.0
Phi-3.5-mini,nat,90129,1,1,1.0
Phi-3.5-mini,nat,90130,1,1,1.0
Phi-3.5-mini,nat,90131,0,0,0.5
Phi-3.5-mini,nat,90132,1,1,0.5
Phi-3.5-mini,nat,90133,0,0,0.7
Phi-3.5-mini,nat,90134,1,1,0.9
Phi-3.5-mini,nat,90135,0,1,0.9
Phi-3.5-mini,nat,90136,0,0,0.1
Phi-3.5-mini,nat,90141,0,0,0.3
Phi-3.5-mini,nat,90142,1,1,1.0
Phi-3.5-mini,nat,90143,0,0,0.0
Phi-3.5-mini,nat,90144,0,1,0.5
Phi-3.5-mini,nat,90145,0,0,0.7
Phi-3.5-mini,nat,90146,1,0,0.8
Phi-3.5-mini,nat,90147,1,1,1.0
Phi-3.5-mini,nat,90148,0,0,0.2
Phi-3.5-mini,nat,90152,1,1,1.0
Phi-3.5-mini,nat,90154,0,0,0.4
Phi-3.5-mini,nat,90155,0,0,0.2
Phi-3.5-mini,nat,90156,0,0,0.0
Phi-3.5-mini,nat,90157,0,0,0.0
Phi-3.5-mini,nat,90158,0,0,0.0
Phi-3.5-mini,nat,90159,1,1,1.0
Phi-3.5-mini,nat,90160,1,1,0.9
Phi-3.5-mini,nat,90163,0,0,0.1
Phi-3.5-mini,nat,90164,1,1,1.0
Phi-3.5-mini,nat,90165,1,1,1.0
Phi-3.5-mini,nat,90166,0,0,0.2
Phi-3.5-mini,nat,90167,0,0,0.5
Phi-3.5-mini,nat,90168,1,0,0.6
Phi-3.5-mini,nat,90169,1,1,1.0
Phi-3.5-mini,nat,90172,1,1,0.6
Phi-3.5-mini,nat,90174,0,0,0.4
Phi-3.5-mini,nat,90175,0,0,0.1
Phi-3.5-mini,nat,90176,0,0,0.1
Phi-3.5-mini,nat,90177,0,0,0.6
Phi-3.5-mini,nat,90178,0,0,0.7
Phi-3.5-mini,nat,90180,1,1,0.3
Phi-3.5-mini,nat,90181,1,1,1.0
Phi-3.5-mini,nat,90182,0,1,0.6
ModernBERT-base,adv,2,0,0,0.1
ModernBERT-base,adv,3,0,0,0.0
ModernBERT-base,adv,4,0,0,0.1
ModernBERT-base,adv,7,1,1,0.5
ModernBERT-base,adv,10,1,1,0.7
ModernBERT-base,adv,12,1,0,0.6
ModernBERT-base,adv,14,0,0,0.1
ModernBERT-base,adv,17,1,1,0.8
ModernBERT-base,adv,18,0,1,0.3
ModernBERT-base,adv,23,1,1,0.9
ModernBERT-base,adv,24,1,1,0.5
ModernBERT-base,adv,26,0,1,0.1
ModernBERT-base,adv,29,0,0,0.1
ModernBERT-base,adv,32,1,1,0.6
ModernBERT-base,adv,33,1,1,0.6
ModernBERT-base,adv,34,1,1,0.8
ModernBERT-base,adv,35,1,1,1.0
ModernBERT-base,adv,36,1,0,0.3
ModernBERT-base,adv,38,1,1,0.8
ModernBERT-base,adv,39,0,0,0.0
ModernBERT-base,adv,3001,1,1,0.2
ModernBERT-base,adv,3002,1,1,0.2
ModernBERT-base,adv,3003,0,1,0.0
ModernBERT-base,adv,3004,1,1,0.5
ModernBERT-base,adv,3005,0,1,0.2
ModernBERT-base,adv,3006,1,1,0.4
ModernBERT-base,adv,3007,1,1,0.7
ModernBERT-base,adv,3008,0,1,0.0
ModernBERT-base,adv,3009,1,1,0.6
ModernBERT-base,adv,3010,1,1,0.3
ModernBERT-base,adv,3011,1,1,0.9
ModernBERT-base,adv,3012,1,1,0.6
ModernBERT-base,adv,3013,1,1,0.8
ModernBERT-base,adv,3015,1,0,0.6
ModernBERT-base,adv,3018,1,1,0.6
ModernBERT-base,adv,3019,1,0,0.4
ModernBERT-base,adv,3020,0,0,0.0
ModernBERT-base,adv,5002,1,1,0.7
ModernBERT-base,adv,5004,1,1,0.9
ModernBERT-base,adv,5006,0,0,0.2
ModernBERT-base,adv,5011,1,1,0.6
ModernBERT-base,adv,5013,1,1,0.5
ModernBERT-base,adv,5014,0,1,0.4
ModernBERT-base,adv,5015,1,1,1.0
ModernBERT-base,adv,5016,0,0,0.0
ModernBERT-base,adv,5018,1,1,0.4
ModernBERT-base,adv,5019,1,1,0.9
ModernBERT-base,adv,5020,1,1,1.0
ModernBERT-base,adv,6002,1,0,0.8
ModernBERT-base,adv,6003,1,0,0.4
ModernBERT-base,adv,6011,0,0,0.0
ModernBERT-base,adv,6014,1,0,0.3
ModernBERT-base,adv,6019,1,1,0.9
ModernBERT-base,adv,7002,1,1,1.0
ModernBERT-base,adv,7003,1,1,0.5
ModernBERT-base,adv,7005,0,0,0.3
ModernBERT-base,adv,7006,1,1,0.8
ModernBERT-base,adv,7008,0,0,0.4
ModernBERT-base,adv,7010,1,1,0.8
ModernBERT-base,adv,7011,1,1,0.9
ModernBERT-base,adv,7013,0,0,0.0
ModernBERT-base,adv,7014,1,1,0.7
ModernBERT-base,adv,7015,1,1,0.2
ModernBERT-base,adv,7016,1,1,0.8
ModernBERT-base,adv,7017,0,0,0.1
ModernBERT-base,adv,7018,0,1,0.0
ModernBERT-base,adv,7019,1,1,0.9
ModernBERT-base,adv,7020,1,1,0.6
ModernBERT-base,adv,8001,0,1,0.0
ModernBERT-base,adv,8002,1,1,0.5
ModernBERT-base,adv,8009,1,1,0.8
ModernBERT-base,adv,8012,1,1,0.4
ModernBERT-base,adv,8016,0,1,0.2
ModernBERT-base,adv,8019,1,1,0.4
ModernBERT-base,adv,8020,0,1,0.4
ModernBERT-base,adv,9002,1,1,0.4
ModernBERT-base,adv,9005,1,1,0.5
ModernBERT-base,adv,9007,0,0,0.0
ModernBERT-base,adv,9009,0,0,0.2
ModernBERT-base,adv,9010,1,1,0.8
ModernBERT-base,adv,9013,1,1,0.8
ModernBERT-base,adv,9014,1,1,1.0
ModernBERT-base,adv,9015,0,0,0.4
ModernBERT-base,adv,9016,1,1,0.8
ModernBERT-base,adv,9017,0,1,0.2
ModernBERT-base,adv,9018,0,0,0.1
ModernBERT-base,adv,9020,1,1,0.6
ModernBERT-base,adv,10001,1,1,0.4
ModernBERT-base,adv,10003,1,1,0.7
ModernBERT-base,adv,10007,1,1,0.7
ModernBERT-base,adv,10008,0,0,0.0
ModernBERT-base,adv,10012,0,0,0.4
ModernBERT-base,adv,10013,0,1,0.0
ModernBERT-base,adv,10017,0,1,0.0
ModernBERT-base,adv,10019,1,1,0.9
ModernBERT-base,adv,11003,1,1,1.0
ModernBERT-base,adv,11004,0,1,0.5
ModernBERT-base,adv,11005,1,1,0.6
ModernBERT-base,adv,11006,0,1,0.0
ModernBERT-base,adv,11009,0,0,0.2
ModernBERT-base,adv,11012,1,1,0.1
ModernBERT-base,adv,11013,1,1,0.3
ModernBERT-base,adv,11014,0,1,0.6
ModernBERT-base,adv,11017,1,1,1.0
ModernBERT-base,adv,11018,0,1,0.2
ModernBERT-base,adv,11019,0,0,0.4
ModernBERT-base,adv,11020,0,0,0.1
ModernBERT-base,adv,12001,1,1,0.8
ModernBERT-base,adv,12002,0,1,0.2
ModernBERT-base,adv,12003,0,1,0.4
ModernBERT-base,adv,12004,0,0,0.1
ModernBERT-base,adv,12005,1,0,0.6
ModernBERT-base,adv,12006,0,1,0.2
ModernBERT-base,adv,12007,1,1,0.1
ModernBERT-base,adv,12008,1,1,0.3
ModernBERT-base,adv,12009,0,1,0.0
ModernBERT-base,adv,12011,1,1,0.7
ModernBERT-base,adv,12014,1,1,0.6
ModernBERT-base,adv,12015,1,1,0.7
ModernBERT-base,adv,12017,1,1,0.6
ModernBERT-base,adv,12018,1,1,0.9
ModernBERT-base,adv,12019,0,0,0.0
ModernBERT-base,adv,12020,1,1,1.0
ModernBERT-base,adv,13003,0,1,0.1
ModernBERT-base,adv,13004,1,1,0.6
ModernBERT-base,adv,13006,0,0,0.1
ModernBERT-base,adv,13009,1,1,0.7
ModernBERT-base,adv,13017,0,1,0.3
ModernBERT-base,adv,13018,1,1,0.3
ModernBERT-base,adv,13019,0,0,0.1
ModernBERT-base,adv,13020,1,1,0.9
ModernBERT-base,nat,90001,1,1,0.5
ModernBERT-base,nat,90002,0,0,0.3
ModernBERT-base,nat,90003,0,0,0.2
ModernBERT-base,nat,90004,0,1,0.5
ModernBERT-base,nat,90005,1,0,0.6
ModernBERT-base,nat,90006,0,0,0.1
ModernBERT-base,nat,90007,1,1,0.8
ModernBERT-base,nat,90008,1,1,0.8
ModernBERT-base,nat,90009,1,1,1.0
ModernBERT-base,nat,90010,0,0,0.1
ModernBERT-base,nat,90011,0,0,0.2
ModernBERT-base,nat,90012,1,0,0.7
ModernBERT-base,nat,90013,0,0,0.3
ModernBERT-base,nat,90014,1,0,0.6
ModernBERT-base,nat,90015,0,0,0.0
ModernBERT-base,nat,90017,0,0,0.2
ModernBERT-base,nat,90018,0,0,0.1
ModernBERT-base,nat,90019,0,0,0.0
ModernBERT-base,nat,90020,1,0,0.0
ModernBERT-base,nat,90021,0,0,0.0
ModernBERT-base,nat,90022,1,1,1.0
ModernBERT-base,nat,90023,1,0,0.9
ModernBERT-base,nat,90024,1,1,0.5
ModernBERT-base,nat,90033,1,1,1.0
ModernBERT-base,nat,90034,0,0,0.3
ModernBERT-base,nat,90035,1,0,0.6
ModernBERT-base,nat,90036,1,1,0.9
ModernBERT-base,nat,90037,1,1,1.0
ModernBERT-base,nat,90038,1,0,0.7
ModernBERT-base,nat,90039,0,1,0.1
ModernBERT-base,nat,90040,0,0,0.0
ModernBERT-base,nat,90041,0,1,0.6
ModernBERT-base,nat,90042,1,1,0.8
ModernBERT-base,nat,90043,0,0,0.1
ModernBERT-base,nat,90044,1,1,0.7
ModernBERT-base,nat,90045,0,1,0.1
ModernBERT-base,nat,90046,1,1,1.0
ModernBERT-base,nat,90047,1,1,0.3
ModernBERT-base,nat,90048,0,0,0.3
ModernBERT-base,nat,90049,1,1,0.7
ModernBERT-base,nat,90050,0,0,0.1
ModernBERT-base,nat,90051,0,0,0.5
ModernBERT-base,nat,90059,0,1,0.8
ModernBERT-base,nat,90060,0,0,0.1
ModernBERT-base,nat,90061,1,1,0.9
ModernBERT-base,nat,90062,0,0,0.1
ModernBERT-base,nat,90063,1,0,0.7
ModernBERT-base,nat,90064,1,1,1.0
ModernBERT-base,nat,90065,1,1,1.0
ModernBERT-base,nat,90066,1,1,1.0
ModernBERT-base,nat,90067,1,1,0.8
ModernBERT-base,nat,90068,0,1,0.4
ModernBERT-base,nat,90069,0,0,0.4
ModernBERT-base,nat,90070,1,1,1.0
ModernBERT-base,nat,90071,0,0,0.5
ModernBERT-base,nat,90072,0,0,0.3
ModernBERT-base,nat,90079,1,1,0.7
ModernBERT-base,nat,90080,1,1,0.4
ModernBERT-base,nat,90081,1,0,0.4
ModernBERT-base,nat,90082,0,0,0.1
ModernBERT-base,nat,90083,0,0,0.3
ModernBERT-base,nat,90084,1,0,0.5
ModernBERT-base,nat,90085,0,0,0.0
ModernBERT-base,nat,90086,1,1,0.9
ModernBERT-base,nat,90087,0,0,0.3
ModernBERT-base,nat,90088,1,0,1.0
ModernBERT-base,nat,90089,0,0,0.3
ModernBERT-base,nat,90090,0,0,0.1
ModernBERT-base,nat,90091,0,0,0.2
ModernBERT-base,nat,90092,1,1,0.6
ModernBERT-base,nat,90097,1,1,1.0
ModernBERT-base,nat,90100,0,0,0.2
ModernBERT-base,nat,90101,0,0,0.3
ModernBERT-base,nat,90103,0,0,0.3
ModernBERT-base,nat,90104,1,1,1.0
ModernBERT-base,nat,90105,1,0,0.8
ModernBERT-base,nat,90106,0,0,0.3
ModernBERT-base,nat,90107,1,1,1.0
ModernBERT-base,nat,90112,1,0,0.9
ModernBERT-base,nat,90113,1,1,1.0
ModernBERT-base,nat,90114,1,0,0.6
ModernBERT-base,nat,90115,0,0,0.4
ModernBERT-base,nat,90116,0,0,0.0
ModernBERT-base,nat,90117,0,0,0.2
ModernBERT-base,nat,90118,1,1,0.4
ModernBERT-base,nat,90119,0,0,0.1
ModernBERT-base,nat,90120,1,1,0.8
ModernBERT-base,nat,90121,1,1,0.9
ModernBERT-base,nat,90122,0,1,0.6
ModernBERT-base,nat,90127,0,0,0.2
ModernBERT-base,nat,90128,0,0,0.0
ModernBERT-base,nat,90129,1,0,0.7
ModernBERT-base,nat,90130,1,0,0.5
ModernBERT-base,nat,90131,1,0,0.5
ModernBERT-base,nat,90132,0,1,0.2
ModernBERT-base,nat,90133,0,0,0.0
ModernBERT-base,nat,90134,0,1,0.2
ModernBERT-base,nat,90135,0,0,0.4
ModernBERT-base,nat,90136,0,0,0.1
ModernBERT-base,nat,90141,0,1,0.5
ModernBERT-base,nat,90142,1,1,1.0
ModernBERT-base,nat,90143,0,1,0.5
ModernBERT-base,nat,90144,1,0,0.8
ModernBERT-base,nat,90145,1,0,0.8
ModernBERT-base,nat,90146,1,0,1.0
ModernBERT-base,nat,90147,1,1,1.0
ModernBERT-base,nat,90148,1,1,0.6
ModernBERT-base,nat,90152,1,1,0.9
ModernBERT-base,nat,90154,1,1,0.8
ModernBERT-base,nat,90155,1,1,1.0
ModernBERT-base,nat,90156,0,1,0.2
ModernBERT-base,nat,90157,1,1,0.9
ModernBERT-base,nat,90158,1,1,0.6
ModernBERT-base,nat,90159,1,1,1.0
ModernBERT-base,nat,90160,1,1,0.4
ModernBERT-base,nat,90163,0,1,0.4
ModernBERT-base,nat,90164,1,1,0.8
ModernBERT-base,nat,90165,1,0,0.5
ModernBERT-base,nat,90166,0,0,0.4
ModernBERT-base,nat,90167,0,1,0.2
ModernBERT-base,nat,90168,1,1,0.9
ModernBERT-base,nat,90169,1,1,1.0
ModernBERT-base,nat,90172,1,0,0.8
ModernBERT-base,nat,90174,1,1,1.0
ModernBERT-base,nat,90175,0,0,0.1
ModernBERT-base,nat,90176,1,0,0.7
ModernBERT-base,nat,90177,0,0,0.2
ModernBERT-base,nat,90178,1,1,0.6
ModernBERT-base,nat,90180,0,1,0.3
ModernBERT-base,nat,90181,0,1,0.3
ModernBERT-base,nat,90182,1,1,1.0
Qwen2.5-3B,adv,2,1,1,0.6
Qwen2.5-3B,adv,3,1,0,0.5
Qwen2.5-3B,adv,4,1,1,1.0
Qwen2.5-3B,adv,7,1,0,0.4
Qwen2.5-3B,adv,10,1,1,1.0
Qwen2.5-3B,adv,12,0,0,0.0
Qwen2.5-3B,adv,14,0,1,0.4
Qwen2.5-3B,adv,17,1,1,0.8
Qwen2.5-3B,adv,18,0,0,0.0
Qwen2.5-3B,adv,23,1,0,0.8
Qwen2.5-3B,adv,24,0,1,0.3
Qwen2.5-3B,adv,26,0,0,0.0
Qwen2.5-3B,adv,29,0,0,0.1
Qwen2.5-3B,adv,32,1,1,0.5
Qwen2.5-3B,adv,33,1,1,0.6
Qwen2.5-3B,adv,34,0,0,0.4
Qwen2.5-3B,adv,35,1,1,0.6
Qwen2.5-3B,adv,36,0,0,0.0
Qwen2.5-3B,adv,38,0,0,0.0
Qwen2.5-3B,adv,39,0,0,0.0
Qwen2.5-3B,adv,3001,1,1,0.4
Qwen2.5-3B,adv,3002,1,1,0.4
Qwen2.5-3B,adv,3003,0,0,0.0
Qwen2.5-3B,adv,3004,0,0,0.0
Qwen2.5-3B,adv,3005,0,1,0.0
Qwen2.5-3B,adv,3006,1,1,1.0
Qwen2.5-3B,adv,3007,1,1,0.9
Qwen2.5-3B,adv,3008,1,1,0.7
Qwen2.5-3B,adv,3009,0,1,0.5
Qwen2.5-3B,adv,3010,0,1,0.1
Qwen2.5-3B,adv,3011,0,0,0.1
Qwen2.5-3B,adv,3012,1,1,0.9
Qwen2.5-3B,adv,3013,0,0,0.0
Qwen2.5-3B,adv,3015,1,1,0.3
Qwen2.5-3B,adv,3018,1,1,0.1
Qwen2.5-3B,adv,3019,0,0,0.0
Qwen2.5-3B,adv,3020,1,1,0.2
Qwen2.5-3B,adv,5002,1,1,0.5
Qwen2.5-3B,adv,5004,0,0,0.3
Qwen2.5-3B,adv,5006,1,1,0.8
Qwen2.5-3B,adv,5011,1,1,0.9
Qwen2.5-3B,adv,5013,0,1,0.2
Qwen2.5-3B,adv,5014,1,1,1.0
Qwen2.5-3B,adv,5015,1,1,0.6
Qwen2.5-3B,adv,5016,0,0,0.0
Qwen2.5-3B,adv,5018,1,1,0.7
Qwen2.5-3B,adv,5019,0,0,0.0
Qwen2.5-3B,adv,5020,1,1,1.0
Qwen2.5-3B,adv,6002,0,0,0.0
Qwen2.5-3B,adv,6003,0,0,0.1
Qwen2.5-3B,adv,6011,1,1,1.0
Qwen2.5-3B,adv,6014,1,1,1.0
Qwen2.5-3B,adv,6019,0,0,0.3
Qwen2.5-3B,adv,7002,0,1,0.8
Qwen2.5-3B,adv,7003,1,1,0.5
Qwen2.5-3B,adv,7005,1,1,0.9
Qwen2.5-3B,adv,7006,0,1,0.2
Qwen2.5-3B,adv,7008,1,1,0.7
Qwen2.5-3B,adv,7010,0,1,0.1
Qwen2.5-3B,adv,7011,1,0,0.4
Qwen2.5-3B,adv,7013,1,1,0.8
Qwen2.5-3B,adv,7014,0,0,0.0
Qwen2.5-3B,adv,7015,0,1,0.5
Qwen2.5-3B,adv,7016,1,1,1.0
Qwen2.5-3B,adv,7017,1,1,0.6
Qwen2.5-3B,adv,7018,1,1,0.7
Qwen2.5-3B,adv,7019,0,0,0.0
Qwen2.5-3B,adv,7020,1,1,0.5
Qwen2.5-3B,adv,8001,1,1,0.6
Qwen2.5-3B,adv,8002,1,1,0.9
Qwen2.5-3B,adv,8009,0,0,0.0
Qwen2.5-3B,adv,8012,1,1,1.0
Qwen2.5-3B,adv,8016,1,1,1.0
Qwen2.5-3B,adv,8019,1,1,0.7
Qwen2.5-3B,adv,8020,1,1,0.7
Qwen2.5-3B,adv,9002,1,1,1.0
Qwen2.5-3B,adv,9005,1,1,1.0
Qwen2.5-3B,adv,9007,1,1,0.3
Qwen2.5-3B,adv,9009,1,0,0.3
Qwen2.5-3B,adv,9010,1,1,0.4
Qwen2.5-3B,adv,9013,1,1,0.6
Qwen2.5-3B,adv,9014,1,1,0.8
Qwen2.5-3B,adv,9015,0,0,0.0
Qwen2.5-3B,adv,9016,0,0,0.3
Qwen2.5-3B,adv,9017,0,0,0.0
Qwen2.5-3B,adv,9018,0,0,0.0
Qwen2.5-3B,adv,9020,1,1,0.8
Qwen2.5-3B,adv,10001,1,1,0.9
Qwen2.5-3B,adv,10003,1,1,0.6
Qwen2.5-3B,adv,10007,0,0,0.0
Qwen2.5-3B,adv,10008,1,1,0.7
Qwen2.5-3B,adv,10012,0,0,0.0
Qwen2.5-3B,adv,10013,1,1,0.8
Qwen2.5-3B,adv,10017,1,1,0.7
Qwen2.5-3B,adv,10019,0,0,0.0
Qwen2.5-3B,adv,11003,0,0,0.2
Qwen2.5-3B,adv,11004,0,1,0.2
Qwen2.5-3B,adv,11005,0,0,0.0
Qwen2.5-3B,adv,11006,1,1,1.0
Qwen2.5-3B,adv,11009,1,1,0.9
Qwen2.5-3B,adv,11012,1,1,0.8
Qwen2.5-3B,adv,11013,0,0,0.0
Qwen2.5-3B,adv,11014,1,1,0.2
Qwen2.5-3B,adv,11017,0,0,0.0
Qwen2.5-3B,adv,11018,1,1,0.7
Qwen2.5-3B,adv,11019,1,0,0.0
Qwen2.5-3B,adv,11020,1,1,0.2
Qwen2.5-3B,adv,12001,1,1,0.6
Qwen2.5-3B,adv,12002,0,0,0.0
Qwen2.5-3B,adv,12003,1,0,0.2
Qwen2.5-3B,adv,12004,1,1,1.0
Qwen2.5-3B,adv,12005,0,0,0.2
Qwen2.5-3B,adv,12006,1,1,0.8
Qwen2.5-3B,adv,12007,0,1,0.0
Qwen2.5-3B,adv,12008,0,0,0.0
Qwen2.5-3B,adv,12009,1,1,0.4
Qwen2.5-3B,adv,12011,1,1,1.0
Qwen2.5-3B,adv,12014,0,0,0.1
Qwen2.5-3B,adv,12015,1,1,0.6
Qwen2.5-3B,adv,12017,1,0,0.5
Qwen2.5-3B,adv,12018,0,1,0.2
Qwen2.5-3B,adv,12019,1,1,0.6
Qwen2.5-3B,adv,12020,0,0,0.0
Qwen2.5-3B,adv,13003,1,1,0.7
Qwen2.5-3B,adv,13004,0,0,0.0
Qwen2.5-3B,adv,13006,0,0,0.0
Qwen2.5-3B,adv,13009,0,1,0.5
Qwen2.5-3B,adv,13017,1,1,0.3
Qwen2.5-3B,adv,13018,1,1,1.0
Qwen2.5-3B,adv,13019,1,1,0.6
Qwen2.5-3B,adv,13020,1,1,0.8
Qwen2.5-3B,nat,90001,1,1,0.9
Qwen2.5-3B,nat,90002,1,1,0.3
Qwen2.5-3B,nat,90003,1,1,0.9
Qwen2.5-3B,nat,90004,1,1,0.1
Qwen2.5-3B,nat,90005,1,1,1.0
Qwen2.5-3B,nat,90006,1,1,0.8
Qwen2.5-3B,nat,90007,0,0,0.0
Qwen2.5-3B,nat,90008,1,1,0.9
Qwen2.5-3B,nat,90009,1,1,0.9
Qwen2.5-3B,nat,90010,1,1,0.9
Qwen2.5-3B,nat,90011,1,1,1.0
Qwen2.5-3B,nat,90012,1,1,1.0
Qwen2.5-3B,nat,90013,1,1,1.0
Qwen2.5-3B,nat,90014,1,1,0.9
Qwen2.5-3B,nat,90015,0,1,0.7
Qwen2.5-3B,nat,90017,1,1,0.9
Qwen2.5-3B,nat,90018,1,0,0.5
Qwen2.5-3B,nat,90019,1,0,0.5
Qwen2.5-3B,nat,90020,1,1,1.0
Qwen2.5-3B,nat,90021,1,1,0.4
Qwen2.5-3B,nat,90022,1,1,0.8
Qwen2.5-3B,nat,90023,1,1,1.0
Qwen2.5-3B,nat,90024,0,1,0.6
Qwen2.5-3B,nat,90033,1,1,1.0
Qwen2.5-3B,nat,90034,1,1,0.9
Qwen2.5-3B,nat,90035,1,0,0.7
Qwen2.5-3B,nat,90036,1,1,0.5
Qwen2.5-3B,nat,90037,0,0,0.4
Qwen2.5-3B,nat,90038,0,0,0.2
Qwen2.5-3B,nat,90039,1,0,0.7
Qwen2.5-3B,nat,90040,1,1,1.0
Qwen2.5-3B,nat,90041,0,0,0.5
Qwen2.5-3B,nat,90042,1,1,0.9
Qwen2.5-3B,nat,90043,0,0,0.1
Qwen2.5-3B,nat,90044,1,1,0.6
Qwen2.5-3B,nat,90045,1,1,0.3
Qwen2.5-3B,nat,90046,1,1,0.8
Qwen2.5-3B,nat,90047,1,1,0.7
Qwen2.5-3B,nat,90048,1,1,1.0
Qwen2.5-3B,nat,90049,1,1,0.8
Qwen2.5-3B,nat,90050,1,1,0.4
Qwen2.5-3B,nat,90051,1,1,0.8
Qwen2.5-3B,nat,90059,1,0,0.7
Qwen2.5-3B,nat,90060,0,0,0.0
Qwen2.5-3B,nat,90061,0,0,0.2
Qwen2.5-3B,nat,90062,0,0,0.3
Qwen2.5-3B,nat,90063,1,0,0.7
Qwen2.5-3B,nat,90064,1,1,0.4
Qwen2.5-3B,nat,90065,1,1,0.4
Qwen2.5-3B,nat,90066,1,1,0.9
Qwen2.5-3B,nat,90067,1,1,0.7
Qwen2.5-3B,nat,90068,0,0,0.3
Qwen2.5-3B,nat,90069,0,0,0.0
Qwen2.5-3B,nat,90070,0,0,0.1
Qwen2.5-3B,nat,90071,1,1,0.5
Qwen2.5-3B,nat,90072,1,1,1.0
Qwen2.5-3B,nat,90079,1,1,0.9
Qwen2.5-3B,nat,90080,1,1,1.0
Qwen2.5-3B,nat,90081,0,0,0.5
Qwen2.5-3B,nat,90082,0,0,0.0
Qwen2.5-3B,nat,90083,0,1,0.4
Qwen2.5-3B,nat,90084,1,1,1.0
Qwen2.5-3B,nat,90085,1,1,0.4
Qwen2.5-3B,nat,90086,1,1,1.0
Qwen2.5-3B,nat,90087,1,1,1.0
Qwen2.5-3B,nat,90088,0,0,0.1
Qwen2.5-3B,nat,90089,0,0,0.1
Qwen2.5-3B,nat,90090,1,1,0.9
Qwen2.5-3B,nat,90091,1,1,1.0
Qwen2.5-3B,nat,90092,1,1,0.9
Qwen2.5-3B,nat,90097,0,0,0.0
Qwen2.5-3B,nat,90100,0,0,0.2
Qwen2.5-3B,nat,90101,1,1,0.6
Qwen2.5-3B,nat,90103,1,1,0.9
Qwen2.5-3B,nat,90104,0,1,0.7
Qwen2.5-3B,nat,90105,1,1,0.9
Qwen2.5-3B,nat,90106,1,1,1.0
Qwen2.5-3B,nat,90107,0,0,0.7
Qwen2.5-3B,nat,90112,0,0,0.4
Qwen2.5-3B,nat,90113,1,1,1.0
Qwen2.5-3B,nat,90114,0,0,0.3
Qwen2.5-3B,nat,90115,1,1,1.0
Qwen2.5-3B,nat,90116,1,1,0.8
Qwen2.5-3B,nat,90117,0,0,0.0
Qwen2.5-3B,nat,90118,0,0,0.0
Qwen2.5-3B,nat,90119,1,1,1.0
Qwen2.5-3B,nat,90120,1,0,0.2
Qwen2.5-3B,nat,90121,0,0,0.1
Qwen2.5-3B,nat,90122,1,1,1.0
Qwen2.5-3B,nat,90127,1,1,0.9
Qwen2.5-3B,nat,90128,1,1,0.9
Qwen2.5-3B,nat,90129,1,1,1.0
Qwen2.5-3B,nat,90130,1,1,0.9
Qwen2.5-3B,nat,90131,1,0,0.4
Qwen2.5-3B,nat,90132,0,1,0.3
Qwen2.5-3B,nat,90133,1,1,0.9
Qwen2.5-3B,nat,90134,1,1,0.9
Qwen2.5-3B,nat,90135,0,0,0.4
Qwen2.5-3B,nat,90136,1,1,1.0
Qwen2.5-3B,nat,90141,0,0,0.0
Qwen2.5-3B,nat,90142,1,1,0.9
Qwen2.5-3B,nat,90143,0,0,0.1
Qwen2.5-3B,nat,90144,1,1,1.0
Qwen2.5-3B,nat,90145,1,1,0.9
Qwen2.5-3B,nat,90146,1,0,0.7
Qwen2.5-3B,nat,90147,1,1,1.0
Qwen2.5-3B,nat,90148,1,1,1.0
Qwen2.5-3B,nat,90152,0,0,0.5
Qwen2.5-3B,nat,90154,0,0,0.6
Qwen2.5-3B,nat,90155,0,1,0.4
Qwen2.5-3B,nat,90156,0,0,0.4
Qwen2.5-3B,nat,90157,1,0,0.6
Qwen2.5-3B,nat,90158,1,1,0.5
Qwen2.5-3B,nat,90159,0,1,0.4
Qwen2.5-3B,nat,90160,1,1,1.0
Qwen2.5-3B,nat,90163,0,0,0.1
Qwen2.5-3B,nat,90164,0,0,0.3
Qwen2.5-3B,nat,90165,1,1,1.0
Qwen2.5-3B,nat,90166,1,1,1.0
Qwen2.5-3B,nat,90167,0,0,0.1
Qwen2.5-3B,nat,90168,0,0,0.0
Qwen2.5-3B,nat,90169,0,1,0.4
Qwen2.5-3B,nat,90172,1,1,0.8
Qwen2.5-3B,nat,90174,1,0,0.7
Qwen2.5-3B,nat,90175,0,0,0.1
Qwen2.5-3B,nat,90176,1,0,0.4
Qwen2.5-3B,nat,90177,0,0,0.2
Qwen2.5-3B,nat,90178,1,1,0.7
Qwen2.5-3B,nat,90180,1,0,0.3
Qwen2.5-3B,nat,90181,1,1,0.3
Qwen2.5-3B,nat,90182,0,1,0.5
Qwen2.5-1.5B,adv,2,0,1,0.4
Qwen2.5-1.5B,adv,3,1,0,0.5
Qwen2.5-1.5B,adv,4,0,0,0.6
Qwen2.5-1.5B,adv,7,1,1,0.7
Qwen2.5-1.5B,adv,10,1,1,0.9
Qwen2.5-1.5B,adv,12,0,0,0.0
Qwen2.5-1.5B,adv,14,0,0,0.0
Qwen2.5-1.5B,adv,17,1,1,1.0
Qwen2.5-1.5B,adv,18,0,0,0.0
Qwen2.5-1.5B,adv,23,0,0,0.2
Qwen2.5-1.5B,adv,24,1,1,0.8
Qwen2.5-1.5B,adv,26,0,0,0.0
Qwen2.5-1.5B,adv,29,0,0,0.3
Qwen2.5-1.5B,adv,32,0,1,0.2
Qwen2.5-1.5B,adv,33,0,1,0.4
Qwen2.5-1.5B,adv,34,0,1,0.3
Qwen2.5-1.5B,adv,35,1,1,1.0
Qwen2.5-1.5B,adv,36,0,0,0.0
Qwen2.5-1.5B,adv,38,0,0,0.0
Qwen2.5-1.5B,adv,39,0,0,0.0
Qwen2.5-1.5B,adv,3001,1,1,0.7
Qwen2.5-1.5B,adv,3002,1,1,1.0
Qwen2.5-1.5B,adv,3003,0,0,0.0
Qwen2.5-1.5B,adv,3004,1,0,0.4
Qwen2.5-1.5B,adv,3005,1,1,0.4
Qwen2.5-1.5B,adv,3006,1,1,1.0
Qwen2.5-1.5B,adv,3007,1,1,0.5
Qwen2.5-1.5B,adv,3008,1,1,0.8
Qwen2.5-1.5B,adv,3009,1,1,0.6
Qwen2.5-1.5B,adv,3010,0,1,0.1
Qwen2.5-1.5B,adv,3011,0,0,0.0
Qwen2.5-1.5B,adv,3012,1,1,1.0
Qwen2.5-1.5B,adv,3013,1,1,0.1
Qwen2.5-1.5B,adv,3015,1,1,0.3
Qwen2.5-1.5B,adv,3018,1,0,0.5
Qwen2.5-1.5B,adv,3019,0,0,0.0
Qwen2.5-1.5B,adv,3020,0,1,0.1
Qwen2.5-1.5B,adv,5002,1,0,0.5
Qwen2.5-1.5B,adv,5004,0,0,0.2
Qwen2.5-1.5B,adv,5006,1,1,1.0
Qwen2.5-1.5B,adv,5011,1,1,0.9
Qwen2.5-1.5B,adv,5013,0,0,0.3
Qwen2.5-1.5B,adv,5014,1,1,0.7
Qwen2.5-1.5B,adv,5015,1,1,1.0
Qwen2.5-1.5B,adv,5016,0,0,0.0
Qwen2.5-1.5B,adv,5018,1,1,0.8
Qwen2.5-1.5B,adv,5019,1,1,0.5
Qwen2.5-1.5B,adv,5020,0,0,0.5
Qwen2.5-1.5B,adv,6002,1,1,1.0
Qwen2.5-1.5B,adv,6003,1,0,0.3
Qwen2.5-1.5B,adv,6011,1,0,0.6
Qwen2.5-1.5B,adv,6014,1,1,1.0
Qwen2.5-1.5B,adv,6019,1,1,1.0
Qwen2.5-1.5B,adv,7002,0,0,0.0
Qwen2.5-1.5B,adv,7003,1,1,1.0
Qwen2.5-1.5B,adv,7005,1,1,1.0
Qwen2.5-1.5B,adv,7006,1,1,0.8
Qwen2.5-1.5B,adv,7008,1,1,0.8
Qwen2.5-1.5B,adv,7010,1,1,1.0
Qwen2.5-1.5B,adv,7011,1,1,1.0
Qwen2.5-1.5B,adv,7013,0,1,0.0
Qwen2.5-1.5B,adv,7014,0,1,0.0
Qwen2.5-1.5B,adv,7015,1,1,0.6
Qwen2.5-1.5B,adv,7016,1,1,1.0
Qwen2.5-1.5B,adv,7017,0,0,0.3
Qwen2.5-1.5B,adv,7018,1,1,0.8
Qwen2.5-1.5B,adv,7019,0,0,0.0
Qwen2.5-1.5B,adv,7020,0,0,0.2
Qwen2.5-1.5B,adv,8001,1,1,0.6
Qwen2.5-1.5B,adv,8002,1,1,0.8
Qwen2.5-1.5B,adv,8009,1,0,0.0
Qwen2.5-1.5B,adv,8012,1,1,0.2
Qwen2.5-1.5B,adv,8016,1,1,1.0
Qwen2.5-1.5B,adv,8019,0,0,0.0
Qwen2.5-1.5B,adv,8020,1,0,0.0
Qwen2.5-1.5B,adv,9002,1,1,0.9
Qwen2.5-1.5B,adv,9005,1,0,0.5
Qwen2.5-1.5B,adv,9007,1,1,1.0
Qwen2.5-1.5B,adv,9009,1,1,1.0
Qwen2.5-1.5B,adv,9010,0,0,0.3
Qwen2.5-1.5B,adv,9013,0,0,0.2
Qwen2.5-1.5B,adv,9014,1,0,0.5
Qwen2.5-1.5B,adv,9015,1,0,0.7
Qwen2.5-1.5B,adv,9016,0,0,0.2
Qwen2.5-1.5B,adv,9017,0,1,0.2
Qwen2.5-1.5B,adv,9018,0,0,0.4
Qwen2.5-1.5B,adv,9020,1,1,1.0
Qwen2.5-1.5B,adv,10001,1,0,0.4
Qwen2.5-1.5B,adv,10003,0,0,0.5
Qwen2.5-1.5B,adv,10007,0,0,0.1
Qwen2.5-1.5B,adv,10008,1,1,1.0
Qwen2.5-1.5B,adv,10012,0,0,0.0
Qwen2.5-1.5B,adv,10013,1,1,0.9
Qwen2.5-1.5B,adv,10017,1,1,0.8
Qwen2.5-1.5B,adv,10019,0,0,0.1
Qwen2.5-1.5B,adv,11003,0,1,0.7
Qwen2.5-1.5B,adv,11004,0,1,0.5
Qwen2.5-1.5B,adv,11005,1,1,0.2
Qwen2.5-1.5B,adv,11006,1,1,1.0
Qwen2.5-1.5B,adv,11009,1,1,0.8
Qwen2.5-1.5B,adv,11012,0,0,0.2
Qwen2.5-1.5B,adv,11013,1,1,0.9
Qwen2.5-1.5B,adv,11014,0,1,0.3
Qwen2.5-1.5B,adv,11017,1,1,0.3
Qwen2.5-1.5B,adv,11018,1,0,0.7
Qwen2.5-1.5B,adv,11019,1,1,0.7
Qwen2.5-1.5B,adv,11020,1,1,0.3
Qwen2.5-1.5B,adv,12001,1,1,0.9
Qwen2.5-1.5B,adv,12002,0,0,0.0
Qwen2.5-1.5B,adv,12003,1,1,1.0
Qwen2.5-1.5B,adv,12004,1,1,0.3
Qwen2.5-1.5B,adv,12005,0,0,0.0
Qwen2.5-1.5B,adv,12006,0,0,0.5
Qwen2.5-1.5B,adv,12007,1,1,0.8
Qwen2.5-1.5B,adv,12008,0,0,0.0
Qwen2.5-1.5B,adv,12009,1,1,0.9
Qwen2.5-1.5B,adv,12011,1,1,0.8
Qwen2.5-1.5B,adv,12014,0,0,0.1
Qwen2.5-1.5B,adv,12015,0,0,0.1
Qwen2.5-1.5B,adv,12017,1,1,0.7
Qwen2.5-1.5B,adv,12018,1,0,0.3
Qwen2.5-1.5B,adv,12019,1,1,0.8
Qwen2.5-1.5B,adv,12020,0,0,0.0
Qwen2.5-1.5B,adv,13003,1,1,0.5
Qwen2.5-1.5B,adv,13004,0,0,0.3
Qwen2.5-1.5B,adv,13006,0,0,0.0
Qwen2.5-1.5B,adv,13009,0,0,0.2
Qwen2.5-1.5B,adv,13017,1,1,1.0
Qwen2.5-1.5B,adv,13018,1,1,0.9
Qwen2.5-1.5B,adv,13019,1,1,0.8
Qwen2.5-1.5B,adv,13020,0,0,0.1
Qwen2.5-1.5B,nat,90001,1,0,0.8
Qwen2.5-1.5B,nat,90002,1,1,0.7
Qwen2.5-1.5B,nat,90003,1,1,1.0
Qwen2.5-1.5B,nat,90004,0,0,0.4
Qwen2.5-1.5B,nat,90005,1,1,1.0
Qwen2.5-1.5B,nat,90006,0,1,0.0
Qwen2.5-1.5B,nat,90007,1,1,1.0
Qwen2.5-1.5B,nat,90008,0,1,1.0
Qwen2.5-1.5B,nat,90009,0,1,0.8
Qwen2.5-1.5B,nat,90010,1,1,1.0
Qwen2.5-1.5B,nat,90011,1,1,0.8
Qwen2.5-1.5B,nat,90012,1,1,1.0
Qwen2.5-1.5B,nat,90013,1,1,1.0
Qwen2.5-1.5B,nat,90014,0,0,0.4
Qwen2.5-1.5B,nat,90015,0,0,0.4
Qwen2.5-1.5B,nat,90017,1,1,1.0
Qwen2.5-1.5B,nat,90018,1,1,1.0
Qwen2.5-1.5B,nat,90019,0,1,0.5
Qwen2.5-1.5B,nat,90020,1,1,1.0
Qwen2.5-1.5B,nat,90021,1,1,0.8
Qwen2.5-1.5B,nat,90022,1,1,1.0
Qwen2.5-1.5B,nat,90023,1,1,1.0
Qwen2.5-1.5B,nat,90024,0,0,0.1
Qwen2.5-1.5B,nat,90033,1,1,0.9
Qwen2.5-1.5B,nat,90034,1,1,0.9
Qwen2.5-1.5B,nat,90035,1,0,0.8
Qwen2.5-1.5B,nat,90036,0,0,0.1
Qwen2.5-1.5B,nat,90037,1,1,0.6
Qwen2.5-1.5B,nat,90038,1,1,0.7
Qwen2.5-1.5B,nat,90039,0,0,0.3
Qwen2.5-1.5B,nat,90040,1,1,0.9
Qwen2.5-1.5B,nat,90041,0,0,0.1
Qwen2.5-1.5B,nat,90042,0,1,0.2
Qwen2.5-1.5B,nat,90043,0,0,0.1
Qwen2.5-1.5B,nat,90044,0,0,0.5
Qwen2.5-1.5B,nat,90045,1,1,1.0
Qwen2.5-1.5B,nat,90046,0,0,0.3
Qwen2.5-1.5B,nat,90047,0,0,0.0
Qwen2.5-1.5B,nat,90048,1,1,1.0
Qwen2.5-1.5B,nat,90049,1,1,0.9
Qwen2.5-1.5B,nat,90050,1,1,0.7
Qwen2.5-1.5B,nat,90051,0,1,0.4
Qwen2.5-1.5B,nat,90059,1,1,1.0
Qwen2.5-1.5B,nat,90060,1,1,0.6
Qwen2.5-1.5B,nat,90061,1,0,0.9
Qwen2.5-1.5B,nat,90062,1,1,1.0
Qwen2.5-1.5B,nat,90063,1,1,0.9
Qwen2.5-1.5B,nat,90064,0,0,0.0
Qwen2.5-1.5B,nat,90065,1,0,0.5
Qwen2.5-1.5B,nat,90066,1,0,0.5
Qwen2.5-1.5B,nat,90067,0,0,0.6
Qwen2.5-1.5B,nat,90068,0,0,0.4
Qwen2.5-1.5B,nat,90069,0,0,0.0
Qwen2.5-1.5B,nat,90070,0,0,0.3
Qwen2.5-1.5B,nat,90071,0,0,0.0
Qwen2.5-1.5B,nat,90072,1,1,0.9
Qwen2.5-1.5B,nat,90079,0,0,0.6
Qwen2.5-1.5B,nat,90080,1,1,1.0
Qwen2.5-1.5B,nat,90081,0,1,0.6
Qwen2.5-1.5B,nat,90082,1,1,0.9
Qwen2.5-1.5B,nat,90083,1,0,0.6
Qwen2.5-1.5B,nat,90084,1,1,0.9
Qwen2.5-1.5B,nat,90085,1,0,0.7
Qwen2.5-1.5B,nat,90086,1,1,0.7
Qwen2.5-1.5B,nat,90087,1,1,0.7
Qwen2.5-1.5B,nat,90088,1,0,0.9
Qwen2.5-1.5B,nat,90089,0,0,0.4
Qwen2.5-1.5B,nat,90090,1,0,1.0
Qwen2.5-1.5B,nat,90091,1,1,0.8
Qwen2.5-1.5B,nat,90092,1,1,0.7
Qwen2.5-1.5B,nat,90097,0,1,0.4
Qwen2.5-1.5B,nat,90100,0,0,0.6
Qwen2.5-1.5B,nat,90101,1,1,1.0
Qwen2.5-1.5B,nat,90103,1,1,0.9
Qwen2.5-1.5B,nat,90104,0,0,0.0
Qwen2.5-1.5B,nat,90105,1,1,1.0
Qwen2.5-1.5B,nat,90106,1,1,1.0
Qwen2.5-1.5B,nat,90107,1,1,1.0
Qwen2.5-1.5B,nat,90112,0,0,0.4
Qwen2.5-1.5B,nat,90113,1,1,1.0
Qwen2.5-1.5B,nat,90114,1,1,0.6
Qwen2.5-1.5B,nat,90115,1,1,1.0
Qwen2.5-1.5B,nat,90116,1,1,1.0
Qwen2.5-1.5B,nat,90117,0,0,0.0
Qwen2.5-1.5B,nat,90118,0,0,0.2
Qwen2.5-1.5B,nat,90119,0,0,0.0
Qwen2.5-1.5B,nat,90120,1,0,0.6
Qwen2.5-1.5B,nat,90121,0,0,0.2
Qwen2.5-1.5B,nat,90122,1,1,1.0
Qwen2.5-1.5B,nat,90127,1,1,0.9
Qwen2.5-1.5B,nat,90128,0,0,0.0
Qwen2.5-1.5B,nat,90129,1,1,1.0
Qwen2.5-1.5B,nat,90130,1,1,1.0
Qwen2.5-1.5B,nat,90131,1,1,0.8
Qwen2.5-1.5B,nat,90132,0,0,0.2
Qwen2.5-1.5B,nat,90133,1,1,1.0
Qwen2.5-1.5B,nat,90134,1,1,1.0
Qwen2.5-1.5B,nat,90135,0,1,0.2
Qwen2.5-1.5B,nat,90136,1,1,1.0
Qwen2.5-1.5B,nat,90141,0,0,0.0
Qwen2.5-1.5B,nat,90142,1,1,0.6
Qwen2.5-1.5B,nat,90143,0,1,0.1
Qwen2.5-1.5B,nat,90144,1,1,0.9
Qwen2.5-1.5B,nat,90145,1,1,0.7
Qwen2.5-1.5B,nat,90146,0,0,0.2
Qwen2.5-1.5B,nat,90147,1,1,1.0
Qwen2.5-1.5B,nat,90148,1,1,1.0
Qwen2.5-1.5B,nat,90152,0,0,0.0
Qwen2.5-1.5B,nat,90154,0,0,0.3
Qwen2.5-1.5B,nat,90155,0,0,0.1
Qwen2.5-1.5B,nat,90156,0,0,0.0
Qwen2.5-1.5B,nat,90157,1,0,0.8
Qwen2.5-1.5B,nat,90158,1,1,1.0
Qwen2.5-1.5B,nat,90159,1,1,0.6
Qwen2.5-1.5B,nat,90160,1,1,1.0
Qwen2.5-1.5B,nat,90163,0,0,0.1
Qwen2.5-1.5B,nat,90164,1,1,1.0
Qwen2.5-1.5B,nat,90165,1,1,1.0
Qwen2.5-1.5B,nat,90166,1,0,0.8
Qwen2.5-1.5B,nat,90167,0,0,0.0
Qwen2.5-1.5B,nat,90168,1,1,0.9
Qwen2.5-1.5B,nat,90169,1,0,1.0
Qwen2.5-1.5B,nat,90172,1,0,0.3
Qwen2.5-1.5B,nat,90174,1,1,0.6
Qwen2.5-1.5B,nat,90175,0,1,0.2
Qwen2.5-1.5B,nat,90176,0,0,0.3
Qwen2.5-1.5B,nat,90177,0,0,0.1
Qwen2.5-1.5B,nat,90178,1,1,0.3
Qwen2.5-1.5B,nat,90180,0,0,0.6
Qwen2.5-1.5B,nat,90181,1,1,0.8
Qwen2.5-1.5B,nat,90182,0,0,0.2
surface_lr,adv,2,0,0,0.0
surface_lr,adv,3,0,0,0.0
surface_lr,adv,4,0,0,0.0
surface_lr,adv,7,0,0,0.0
surface_lr,adv,10,0,0,0.0
surface_lr,adv,12,0,0,0.0
surface_lr,adv,14,0,0,0.0
surface_lr,adv,17,0,0,0.0
surface_lr,adv,18,0,0,0.0
surface_lr,adv,23,0,0,0.0
surface_lr,adv,24,0,0,0.0
surface_lr,adv,26,0,0,0.0
surface_lr,adv,29,0,0,0.0
surface_lr,adv,32,0,0,0.0
surface_lr,adv,33,0,0,0.0
surface_lr,adv,34,0,0,0.0
surface_lr,adv,35,0,0,0.0
surface_lr,adv,36,0,0,0.0
surface_lr,adv,38,0,0,0.0
surface_lr,adv,39,0,0,0.0
surface_lr,adv,3001,0,0,0.0
surface_lr,adv,3002,0,0,0.0
surface_lr,adv,3003,0,0,0.0
surface_lr,adv,3004,0,0,0.0
surface_lr,adv,3005,0,0,0.0
surface_lr,adv,3006,0,0,0.0
surface_lr,adv,3007,0,0,0.0
surface_lr,adv,3008,0,0,0.0
surface_lr,adv,3009,0,0,0.0
surface_lr,adv,3010,0,0,0.0
surface_lr,adv,3011,0,0,0.0
surface_lr,adv,3012,0,0,0.0
surface_lr,adv,3013,0,0,0.0
surface_lr,adv,3015,0,0,0.0
surface_lr,adv,3018,0,0,0.0
surface_lr,adv,3019,0,0,0.0
surface_lr,adv,3020,0,0,0.0
surface_lr,adv,5002,0,0,0.0
surface_lr,adv,5004,0,0,0.0
surface_lr,adv,5006,0,0,0.0
surface_lr,adv,5011,0,0,0.0
surface_lr,adv,5013,0,0,0.0
surface_lr,adv,5014,0,0,0.0
surface_lr,adv,5015,0,0,0.0
surface_lr,adv,5016,0,0,0.0
surface_lr,adv,5018,0,0,0.0
surface_lr,adv,5019,0,0,0.0
surface_lr,adv,5020,0,0,0.0
surface_lr,adv,6002,0,0,0.0
surface_lr,adv,6003,0,0,0.0
surface_lr,adv,6011,0,0,0.0
surface_lr,adv,6014,0,0,0.0
surface_lr,adv,6019,0,0,0.0
surface_lr,adv,7002,0,0,0.0
surface_lr,adv,7003,0,0,0.0
surface_lr,adv,7005,0,0,0.0
surface_lr,adv,7006,0,0,0.0
surface_lr,adv,7008,0,0,0.0
surface_lr,adv,7010,0,0,0.0
surface_lr,adv,7011,0,0,0.0
surface_lr,adv,7013,0,0,0.0
surface_lr,adv,7014,0,0,0.0
surface_lr,adv,7015,0,0,0.0
surface_lr,adv,7016,0,0,0.0
surface_lr,adv,7017,0,0,0.0
surface_lr,adv,7018,0,0,0.0
surface_lr,adv,7019,0,0,0.0
surface_lr,adv,7020,0,0,0.0
surface_lr,adv,8001,0,0,0.0
surface_lr,adv,8002,0,0,0.0
surface_lr,adv,8009,0,0,0.0
surface_lr,adv,8012,0,0,0.0
surface_lr,adv,8016,0,0,0.0
surface_lr,adv,8019,0,0,0.0
surface_lr,adv,8020,0,0,0.0
surface_lr,adv,9002,0,0,0.0
surface_lr,adv,9005,0,0,0.0
surface_lr,adv,9007,0,0,0.0
surface_lr,adv,9009,0,0,0.0
surface_lr,adv,9010,0,0,0.0
surface_lr,adv,9013,0,0,0.0
surface_lr,adv,9014,0,0,0.0
surface_lr,adv,9015,0,0,0.0
surface_lr,adv,9016,0,0,0.0
surface_lr,adv,9017,0,0,0.0
surface_lr,adv,9018,0,0,0.0
surface_lr,adv,9020,0,0,0.0
surface_lr,adv,10001,0,0,0.0
surface_lr,adv,10003,0,0,0.0
surface_lr,adv,10007,0,0,0.0
surface_lr,adv,10008,0,0,0.0
surface_lr,adv,10012,0,0,0.0
surface_lr,adv,10013,0,0,0.0
surface_lr,adv,10017,0,0,0.0
surface_lr,adv,10019,0,0,0.0
surface_lr,adv,11003,0,0,0.0
surface_lr,adv,11004,0,0,0.0
surface_lr,adv,11005,0,0,0.0
surface_lr,adv,11006,0,0,0.0
surface_lr,adv,11009,0,0,0.0
surface_lr,adv,11012,0,0,0.0
surface_lr,adv,11013,0,0,0.0
surface_lr,adv,11014,0,0,0.0
surface_lr,adv,11017,0,0,0.0
surface_lr,adv,11018,0,0,0.0
surface_lr,adv,11019,0,0,0.0
surface_lr,adv,11020,0,0,0.0
surface_lr,adv,12001,0,0,0.0
surface_lr,adv,12002,0,0,0.0
surface_lr,adv,12003,0,0,0.0
surface_lr,adv,12004,0,0,0.0
surface_lr,adv,12005,0,0,0.0
surface_lr,adv,12006,0,0,0.0
surface_lr,adv,12007,0,0,0.0
surface_lr,adv,12008,0,0,0.0
surface_lr,adv,12009,0,0,0.0
surface_lr,adv,12011,0,0,0.0
surface_lr,adv,12014,0,0,0.0
surface_lr,adv,12015,0,0,0.0
surface_lr,adv,12017,0,0,0.0
surface_lr,adv,12018,0,0,0.0
surface_lr,adv,12019,0,0,0.0
surface_lr,adv,12020,0,0,0.0
surface_lr,adv,13003,0,0,0.0
surface_lr,adv,13004,0,0,0.0
surface_lr,adv,13006,0,0,0.0
surface_lr,adv,13009,0,0,0.0
surface_lr,adv,13017,0,0,0.0
surface_lr,adv,13018,0,0,0.0
surface_lr,adv,13019,0,0,0.0
surface_lr,adv,13020,0,0,0.0
surface_lr,nat,90001,1,1,0.9
surface_lr,nat,90002,1,1,1.0
surface_lr,nat,90003,1,1,1.0
surface_lr,nat,90004,1,1,0.8
surface_lr,nat,90005,1,1,1.0
surface_lr,nat,90006,1,1,1.0
surface_lr,nat,90007,1,1,1.0
surface_lr,nat,90008,1,1,1.0
surface_lr,nat,90009,1,1,1.0
surface_lr,nat,90010,1,1,1.0
surface_lr,nat,90011,1,1,1.0
surface_lr,nat,90012,1,1,0.8
surface_lr,nat,90013,1,1,1.0
surface_lr,nat,90014,0,1,0.0
surface_lr,nat,90015,1,1,1.0
surface_lr,nat,90017,1,1,1.0
surface_lr,nat,90018,1,1,0.7
surface_lr,nat,90019,1,1,1.0
surface_lr,nat,90020,1,1,1.0
surface_lr,nat,90021,1,1,0.9
surface_lr,nat,90022,1,1,1.0
surface_lr,nat,90023,1,1,0.7
surface_lr,nat,90024,1,1,1.0
surface_lr,nat,90033,0,0,0.0
surface_lr,nat,90034,1,1,1.0
surface_lr,nat,90035,1,1,1.0
surface_lr,nat,90036,1,1,1.0
surface_lr,nat,90037,0,1,0.3
surface_lr,nat,90038,1,1,1.0
surface_lr,nat,90039,0,0,0.2
surface_lr,nat,90040,0,0,0.0
surface_lr,nat,90041,1,1,1.0
surface_lr,nat,90042,1,1,1.0
surface_lr,nat,90043,1,1,1.0
surface_lr,nat,90044,1,1,1.0
surface_lr,nat,90045,0,0,0.0
surface_lr,nat,90046,1,1,1.0
surface_lr,nat,90047,0,0,0.0
surface_lr,nat,90048,1,1,0.5
surface_lr,nat,90049,0,0,0.0
surface_lr,nat,90050,0,0,0.0
surface_lr,nat,90051,1,1,1.0
surface_lr,nat,90059,1,1,1.0
surface_lr,nat,90060,0,0,0.0
surface_lr,nat,90061,1,1,1.0
surface_lr,nat,90062,0,0,0.0
surface_lr,nat,90063,1,1,0.9
surface_lr,nat,90064,0,0,0.0
surface_lr,nat,90065,0,0,0.0
surface_lr,nat,90066,0,1,0.0
surface_lr,nat,90067,1,1,1.0
surface_lr,nat,90068,1,1,1.0
surface_lr,nat,90069,0,0,0.0
surface_lr,nat,90070,0,1,0.0
surface_lr,nat,90071,0,0,0.0
surface_lr,nat,90072,1,1,1.0
surface_lr,nat,90079,1,1,1.0
surface_lr,nat,90080,0,1,0.3
surface_lr,nat,90081,0,0,0.1
surface_lr,nat,90082,1,1,1.0
surface_lr,nat,90083,0,0,0.0
surface_lr,nat,90084,1,1,1.0
surface_lr,nat,90085,1,1,1.0
surface_lr,nat,90086,1,1,0.9
surface_lr,nat,90087,1,1,1.0
surface_lr,nat,90088,1,1,1.0
surface_lr,nat,90089,0,0,0.2
surface_lr,nat,90090,1,1,1.0
surface_lr,nat,90091,1,1,1.0
surface_lr,nat,90092,0,0,0.5
surface_lr,nat,90097,0,0,0.1
surface_lr,nat,90100,0,0,0.1
surface_lr,nat,90101,1,1,0.6
surface_lr,nat,90103,0,1,0.0
surface_lr,nat,90104,1,1,1.0
surface_lr,nat,90105,0,0,0.0
surface_lr,nat,90106,1,1,1.0
surface_lr,nat,90107,0,1,0.0
surface_lr,nat,90112,0,1,0.0
surface_lr,nat,90113,1,1,1.0
surface_lr,nat,90114,0,0,0.0
surface_lr,nat,90115,0,0,0.0
surface_lr,nat,90116,0,0,0.0
surface_lr,nat,90117,0,0,0.1
surface_lr,nat,90118,0,0,0.0
surface_lr,nat,90119,0,0,0.0
surface_lr,nat,90120,1,1,1.0
surface_lr,nat,90121,1,1,0.9
surface_lr,nat,90122,0,0,0.0
surface_lr,nat,90127,1,1,1.0
surface_lr,nat,90128,1,1,1.0
surface_lr,nat,90129,1,1,1.0
surface_lr,nat,90130,1,1,1.0
surface_lr,nat,90131,1,1,1.0
surface_lr,nat,90132,1,1,0.6
surface_lr,nat,90133,1,1,1.0
surface_lr,nat,90134,1,1,0.9
surface_lr,nat,90135,1,1,0.7
surface_lr,nat,90136,1,1,0.7
surface_lr,nat,90141,0,0,0.1
surface_lr,nat,90142,0,1,0.0
surface_lr,nat,90143,0,1,0.1
surface_lr,nat,90144,1,1,1.0
surface_lr,nat,90145,1,1,1.0
surface_lr,nat,90146,1,1,1.0
surface_lr,nat,90147,1,1,1.0
surface_lr,nat,90148,1,1,1.0
surface_lr,nat,90152,0,0,0.0
surface_lr,nat,90154,1,0,0.9
surface_lr,nat,90155,1,1,0.7
surface_lr,nat,90156,0,0,0.0
surface_lr,nat,90157,0,0,0.0
surface_lr,nat,90158,0,0,0.0
surface_lr,nat,90159,0,0,0.0
surface_lr,nat,90160,1,1,1.0
surface_lr,nat,90163,0,1,0.7
surface_lr,nat,90164,1,1,1.0
surface_lr,nat,90165,0,1,0.2
surface_lr,nat,90166,0,1,0.0
surface_lr,nat,90167,0,0,0.0
surface_lr,nat,90168,0,0,0.0
surface_lr,nat,90169,1,1,1.0
surface_lr,nat,90172,1,1,1.0
surface_lr,nat,90174,0,0,0.0
surface_lr,nat,90175,0,0,0.0
surface_lr,nat,90176,1,1,1.0
surface_lr,nat,90177,0,0,0.0
surface_lr,nat,90178,1,1,1.0
surface_lr,nat,90180,0,0,0.0
surface_lr,nat,90181,0,0,0.1
surface_lr,nat,90182,1,0,0.9
