model_name,pair_id,correct
bigscience/bloom-560m,0,0
bigscience/bloom-560m,1,1
bigscience/bloom-560m,2,1
bigscience/bloom-560m,3,1
bigscience/bloom-560m,4,0
bigscience/bloom-560m,5,0
bigscience/bloom-560m,6,0
bigscience/bloom-560m,7,1
bigscience/bloom-560m,8,1
bigscience/bloom-560m,9,1
bigscience/bloom-560m,10,1
bigscience/bloom-560m,11,0
bigscience/bloom-560m,12,1
bigscience/bloom-560m,13,1
bigscience/bloom-560m,14,0
bigscience/bloom-560m,15,0
bigscience/bloom-560m,16,0
bigscience/bloom-560m,17,0
bigscience/bloom-560m,18,0
bigscience/bloom-560m,19,1
bigscience/bloom-560m,20,0
bigscience/bloom-560m,21,0
bigscience/bloom-560m,22,1
bigscience/bloom-560m,23,0
bigscience/bloom-560m,24,0
bigscience/bloom-560m,25,1
bigscience/bloom-560m,26,1
bigscience/bloom-560m,27,0
bigscience/bloom-560m,28,0
bigscience/bloom-560m,29,0
bigscience/bloom-560m,30,0
bigscience/bloom-560m,31,0
bigscience/bloom-560m,32,0
bigscience/bloom-560m,33,0
bigscience/bloom-560m,34,1
bigscience/bloom-560m,35,0
bigscience/bloom-560m,36,0
bigscience/bloom-560m,37,0
bigscience/bloom-560m,38,0
bigscience/bloom-560m,39,0
bigscience/bloom-560m,40,0
bigscience/bloom-560m,41,1
bigscience/bloom-560m,42,1
bigscience/bloom-560m,43,1
bigscience/bloom-560m,44,1
bigscience/bloom-560m,45,1
bigscience/bloom-560m,46,1
bigscience/bloom-560m,47,1
bigscience/bloom-560m,48,1
bigscience/bloom-560m,49,1
bigscience/bloom-560m,50,1
bigscience/bloom-560m,51,0
bigscience/bloom-560m,52,1
bigscience/bloom-560m,53,0
bigscience/bloom-560m,54,0
bigscience/bloom-560m,55,0
bigscience/bloom-560m,56,1
bigscience/bloom-560m,57,0
bigscience/bloom-560m,58,1
bigscience/bloom-560m,59,1
bigscience/bloom-560m,60,0
bigscience/bloom-560m,61,0
bigscience/bloom-560m,62,1
bigscience/bloom-560m,63,0
bigscience/bloom-560m,64,0
bigscience/bloom-560m,65,0
bigscience/bloom-560m,66,1
bigscience/bloom-560m,67,1
bigscience/bloom-560m,68,1
bigscience/bloom-560m,69,1
bigscience/bloom-560m,70,1
bigscience/bloom-560m,71,0
bigscience/bloom-560m,72,0
bigscience/bloom-560m,73,1
bigscience/bloom-560m,74,0
bigscience/bloom-560m,75,1
bigscience/bloom-560m,76,0
bigscience/bloom-560m,77,1
bigscience/bloom-560m,78,0
bigscience/bloom-560m,79,1
bigscience/bloom-560m,80,0
bigscience/bloom-560m,81,1
bigscience/bloom-560m,82,0
bigscience/bloom-560m,83,0
bigscience/bloom-560m,84,1
bigscience/bloom-560m,85,1
bigscience/bloom-560m,86,0
bigscience/bloom-560m,87,0
bigscience/bloom-560m,88,1
bigscience/bloom-560m,89,1
bigscience/bloom-560m,90,1
bigscience/bloom-560m,91,0
bigscience/bloom-560m,92,0
bigscience/bloom-560m,93,1
bigscience/bloom-560m,94,1
bigscience/bloom-560m,95,1
bigscience/bloom-560m,96,0
bigscience/bloom-560m,97,0
bigscience/bloom-560m,98,0
bigscience/bloom-560m,99,0
bigscience/bloom-560m,100,1
bigscience/bloom-560m,101,0
bigscience/bloom-560m,102,0
bigscience/bloom-560m,103,0
bigscience/bloom-560m,104,1
bigscience/bloom-560m,105,0
bigscience/bloom-560m,106,1
bigscience/bloom-560m,107,1
bigscience/bloom-560m,108,1
bigscience/bloom-560m,109,0
bigscience/bloom-560m,110,0
bigscience/bloom-560m,111,1
bigscience/bloom-560m,112,0
bigscience/bloom-560m,113,1
bigscience/bloom-560m,114,0
bigscience/bloom-560m,115,0
bigscience/bloom-560m,116,1
bigscience/bloom-560m,117,0
bigscience/bloom-560m,118,0
bigscience/bloom-560m,119,1
bigscience/bloom-560m,120,0
bigscience/bloom-560m,121,0
bigscience/bloom-560m,122,0
bigscience/bloom-560m,123,0
bigscience/bloom-560m,124,1
bigscience/bloom-560m,125,1
bigscience/bloom-560m,126,1
bigscience/bloom-560m,127,0
bigscience/bloom-560m,128,0
bigscience/bloom-560m,129,0
bigscience/bloom-560m,130,1
bigscience/bloom-560m,131,1
bigscience/bloom-560m,132,0
bigscience/bloom-560m,133,0
bigscience/bloom-560m,134,1
bigscience/bloom-560m,135,1
bigscience/bloom-560m,136,1
bigscience/bloom-560m,137,0
bigscience/bloom-560m,138,0
bigscience/bloom-560m,139,1
bigscience/bloom-560m,140,0
bigscience/bloom-560m,141,0
bigscience/bloom-560m,142,1
bigscience/bloom-560m,143,0
bigscience/bloom-560m,144,1
bigscience/bloom-560m,145,1
bigscience/bloom-560m,146,0
bigscience/bloom-560m,147,0
bigscience/bloom-560m,148,1
bigscience/bloom-560m,149,1
bigscience/bloom-560m,150,0
bigscience/bloom-560m,151,0
bigscience/bloom-560m,152,1
bigscience/bloom-560m,153,0
bigscience/bloom-560m,154,1
bigscience/bloom-560m,155,1
bigscience/bloom-560m,156,1
bigscience/bloom-560m,157,0
bigscience/bloom-560m,158,1
bigscience/bloom-560m,159,1
bigscience/bloom-560m,160,1
bigscience/bloom-560m,161,0
bigscience/bloom-560m,162,1
bigscience/bloom-560m,163,0
bigscience/bloom-560m,164,0
bigscience/bloom-560m,165,1
bigscience/bloom-560m,166,1
bigscience/bloom-560m,167,0
bigscience/bloom-560m,168,1
bigscience/bloom-560m,169,1
bigscience/bloom-560m,170,0
bigscience/bloom-560m,171,0
bigscience/bloom-560m,172,1
bigscience/bloom-560m,173,0
bigscience/bloom-560m,174,0
bigscience/bloom-560m,175,1
bigscience/bloom-560m,176,1
bigscience/bloom-560m,177,1
bigscience/bloom-560m,178,1
bigscience/bloom-560m,179,1
bigscience/bloom-560m,180,0
bigscience/bloom-560m,181,0
bigscience/bloom-560m,182,0
bigscience/bloom-560m,183,1
bigscience/bloom-560m,184,1
bigscience/bloom-560m,185,1
bigscience/bloom-560m,186,0
bigscience/bloom-560m,187,1
bigscience/bloom-560m,188,1
bigscience/bloom-560m,189,1
bigscience/bloom-560m,190,1
bigscience/bloom-560m,191,1
bigscience/bloom-560m,192,1
bigscience/bloom-560m,193,1
bigscience/bloom-560m,194,1
bigscience/bloom-560m,195,0
bigscience/bloom-560m,196,0
bigscience/bloom-560m,197,1
bigscience/bloom-560m,198,0
bigscience/bloom-560m,199,0
bigscience/bloom-560m,200,0
bigscience/bloom-560m,201,0
bigscience/bloom-560m,202,0
bigscience/bloom-560m,203,1
bigscience/bloom-560m,204,0
bigscience/bloom-560m,205,1
bigscience/bloom-560m,206,1
bigscience/bloom-560m,207,1
bigscience/bloom-560m,208,1
bigscience/bloom-560m,209,0
bigscience/bloom-560m,210,1
bigscience/bloom-560m,211,0
bigscience/bloom-560m,212,1
bigscience/bloom-560m,213,1
bigscience/bloom-560m,214,0
bigscience/bloom-560m,215,0
bigscience/bloom-560m,216,0
bigscience/bloom-560m,217,0
bigscience/bloom-560m,218,1
bigscience/bloom-560m,219,1
bigscience/bloom-560m,220,0
bigscience/bloom-560m,221,0
bigscience/bloom-560m,222,0
bigscience/bloom-560m,223,0
bigscience/bloom-560m,224,1
bigscience/bloom-560m,225,0
bigscience/bloom-560m,226,0
bigscience/bloom-560m,227,0
bigscience/bloom-560m,228,1
bigscience/bloom-560m,229,0
bigscience/bloom-560m,230,0
bigscience/bloom-560m,231,1
bigscience/bloom-560m,232,0
bigscience/bloom-560m,233,0
bigscience/bloom-560m,234,1
bigscience/bloom-560m,235,1
bigscience/bloom-560m,236,0
bigscience/bloom-560m,237,1
bigscience/bloom-560m,238,0
bigscience/bloom-560m,239,0
bigscience/bloom-560m,240,1
bigscience/bloom-560m,241,0
bigscience/bloom-560m,242,0
bigscience/bloom-560m,243,0
bigscience/bloom-560m,244,1
bigscience/bloom-560m,245,0
bigscience/bloom-560m,246,1
bigscience/bloom-560m,247,1
bigscience/bloom-560m,248,0
bigscience/bloom-560m,249,1
bigscience/bloom-560m,250,1
bigscience/bloom-560m,251,0
bigscience/bloom-560m,252,1
bigscience/bloom-560m,253,1
bigscience/bloom-560m,254,0
bigscience/bloom-560m,255,0
bigscience/bloom-560m,256,1
bigscience/bloom-560m,257,1
bigscience/bloom-560m,258,1
bigscience/bloom-560m,259,0
bigscience/bloom-560m,260,0
bigscience/bloom-560m,261,0
bigscience/bloom-560m,262,1
bigscience/bloom-560m,263,1
bigscience/bloom-560m,264,0
bigscience/bloom-560m,265,0
bigscience/bloom-560m,266,0
bigscience/bloom-560m,267,0
bigscience/bloom-560m,268,0
bigscience/bloom-560m,269,1
bigscience/bloom-560m,270,0
bigscience/bloom-560m,271,1
bigscience/bloom-560m,272,0
bigscience/bloom-560m,273,0
bigscience/bloom-560m,274,1
bigscience/bloom-560m,275,1
bigscience/bloom-560m,276,1
bigscience/bloom-560m,277,0
bigscience/bloom-560m,278,1
bigscience/bloom-560m,279,1
bigscience/bloom-560m,280,0
bigscience/bloom-560m,281,1
bigscience/bloom-560m,282,0
bigscience/bloom-560m,283,1
bigscience/bloom-560m,284,1
bigscience/bloom-560m,285,0
bigscience/bloom-560m,286,0
bigscience/bloom-560m,287,1
bigscience/bloom-560m,288,1
bigscience/bloom-560m,289,1
bigscience/bloom-560m,290,1
bigscience/bloom-560m,291,0
bigscience/bloom-560m,292,0
bigscience/bloom-560m,293,1
bigscience/bloom-560m,294,0
bigscience/bloom-560m,295,0
bigscience/bloom-560m,296,1
bigscience/bloom-560m,297,1
bigscience/bloom-560m,298,1
bigscience/bloom-560m,299,0
bigscience/bloom-560m,300,0
bigscience/bloom-560m,301,0
bigscience/bloom-560m,302,0
bigscience/bloom-560m,303,0
bigscience/bloom-560m,304,1
bigscience/bloom-560m,305,1
bigscience/bloom-560m,306,1
bigscience/bloom-560m,307,0
bigscience/bloom-560m,308,0
bigscience/bloom-560m,309,0
bigscience/bloom-560m,310,0
bigscience/bloom-560m,311,1
bigscience/bloom-560m,312,1
bigscience/bloom-560m,313,1
bigscience/bloom-560m,314,0
bigscience/bloom-560m,315,1
bigscience/bloom-560m,316,1
bigscience/bloom-560m,317,0
bigscience/bloom-560m,318,0
bigscience/bloom-560m,319,0
bigscience/bloom-560m,320,0
bigscience/bloom-560m,321,0
bigscience/bloom-560m,322,0
bigscience/bloom-560m,323,0
bigscience/bloom-560m,324,1
bigscience/bloom-560m,325,0
bigscience/bloom-560m,326,1
bigscience/bloom-560m,327,0
bigscience/bloom-560m,328,0
bigscience/bloom-560m,329,0
bigscience/bloom-560m,330,0
bigscience/bloom-560m,331,1
bigscience/bloom-560m,332,0
bigscience/bloom-560m,333,1
bigscience/bloom-560m,334,0
bigscience/bloom-560m,335,0
bigscience/bloom-560m,336,1
bigscience/bloom-560m,337,0
bigscience/bloom-560m,338,1
bigscience/bloom-560m,339,1
bigscience/bloom-560m,340,0
bigscience/bloom-560m,341,1
bigscience/bloom-560m,342,1
bigscience/bloom-560m,343,0
bigscience/bloom-560m,344,0
bigscience/bloom-560m,345,1
bigscience/bloom-560m,346,0
bigscience/bloom-560m,347,1
bigscience/bloom-560m,348,0
bigscience/bloom-560m,349,1
bigscience/bloom-560m,350,0
bigscience/bloom-560m,351,0
bigscience/bloom-560m,352,0
bigscience/bloom-560m,353,1
bigscience/bloom-560m,354,0
bigscience/bloom-560m,355,1
bigscience/bloom-560m,356,0
bigscience/bloom-560m,357,1
bigscience/bloom-560m,358,1
bigscience/bloom-560m,359,1
bigscience/bloom-560m,360,0
bigscience/bloom-560m,361,0
bigscience/bloom-560m,362,0
bigscience/bloom-560m,363,0
bigscience/bloom-560m,364,1
bigscience/bloom-560m,365,0
bigscience/bloom-560m,366,1
bigscience/bloom-560m,367,0
bigscience/bloom-560m,368,0
bigscience/bloom-560m,369,1
bigscience/bloom-560m,370,0
bigscience/bloom-560m,371,0
bigscience/bloom-560m,372,0
bigscience/bloom-560m,373,0
bigscience/bloom-560m,374,1
bigscience/bloom-560m,375,1
bigscience/bloom-560m,376,0
bigscience/bloom-560m,377,1
bigscience/bloom-560m,378,1
bigscience/bloom-560m,379,0
bigscience/bloom-560m,380,0
bigscience/bloom-560m,381,1
bigscience/bloom-560m,382,1
bigscience/bloom-560m,383,1
bigscience/bloom-560m,384,1
bigscience/bloom-560m,385,1
bigscience/bloom-560m,386,1
bigscience/bloom-560m,387,1
bigscience/bloom-560m,388,0
bigscience/bloom-560m,389,0
bigscience/bloom-560m,390,0
bigscience/bloom-560m,391,0
bigscience/bloom-560m,392,1
bigscience/bloom-560m,393,0
bigscience/bloom-560m,394,1
bigscience/bloom-560m,395,1
bigscience/bloom-560m,396,1
bigscience/bloom-560m,397,0
bigscience/bloom-560m,398,0
bigscience/bloom-560m,399,1
bigscience/bloom-560m,400,1
bigscience/bloom-560m,401,1
bigscience/bloom-560m,402,1
bigscience/bloom-560m,403,0
bigscience/bloom-560m,404,0
bigscience/bloom-560m,405,1
bigscience/bloom-560m,406,1
bigscience/bloom-560m,407,0
bigscience/bloom-560m,408,0
bigscience/bloom-560m,409,1
bigscience/bloom-560m,410,0
bigscience/bloom-560m,411,0
bigscience/bloom-560m,412,0
bigscience/bloom-560m,413,1
bigscience/bloom-560m,414,1
bigscience/bloom-560m,415,1
bigscience/bloom-560m,416,1
bigscience/bloom-560m,417,1
bigscience/bloom-560m,418,0
bigscience/bloom-560m,419,1
bigscience/bloom-560m,420,1
bigscience/bloom-560m,421,0
bigscience/bloom-560m,422,0
bigscience/bloom-560m,423,0
bigscience/bloom-560m,424,1
bigscience/bloom-560m,425,1
bigscience/bloom-560m,426,0
bigscience/bloom-560m,427,1
bigscience/bloom-560m,428,0
bigscience/bloom-560m,429,1
bigscience/bloom-560m,430,1
bigscience/bloom-560m,431,1
bigscience/bloom-560m,432,1
bigscience/bloom-560m,433,0
bigscience/bloom-560m,434,0
bigscience/bloom-560m,435,1
bigscience/bloom-560m,436,1
bigscience/bloom-560m,437,0
bigscience/bloom-560m,438,1
bigscience/bloom-560m,439,0
bigscience/bloom-560m,440,0
bigscience/bloom-560m,441,0
bigscience/bloom-560m,442,0
bigscience/bloom-560m,443,0
bigscience/bloom-560m,444,0
bigscience/bloom-560m,445,1
bigscience/bloom-560m,446,0
bigscience/bloom-560m,447,1
bigscience/bloom-560m,448,1
bigscience/bloom-560m,449,0
bigscience/bloom-560m,450,0
bigscience/bloom-560m,451,0
bigscience/bloom-560m,452,1
bigscience/bloom-560m,453,1
bigscience/bloom-560m,454,1
bigscience/bloom-560m,455,0
bigscience/bloom-560m,456,0
bigscience/bloom-560m,457,0
bigscience/bloom-560m,458,0
bigscience/bloom-560m,459,1
bigscience/bloom-560m,460,1
bigscience/bloom-560m,461,1
bigscience/bloom-560m,462,1
bigscience/bloom-560m,463,1
bigscience/bloom-560m,464,0
bigscience/bloom-560m,465,1
bigscience/bloom-560m,466,1
bigscience/bloom-560m,467,0
bigscience/bloom-560m,468,0
bigscience/bloom-560m,469,1
bigscience/bloom-560m,470,1
bigscience/bloom-560m,471,0
bigscience/bloom-560m,472,1
bigscience/bloom-560m,473,1
bigscience/bloom-560m,474,1
bigscience/bloom-560m,475,0
bigscience/bloom-560m,476,0
bigscience/bloom-560m,477,0
bigscience/bloom-560m,478,0
bigscience/bloom-560m,479,0
bigscience/bloom-560m,480,1
bigscience/bloom-560m,481,1
bigscience/bloom-560m,482,1
bigscience/bloom-560m,483,0
bigscience/bloom-560m,484,0
bigscience/bloom-560m,485,0
bigscience/bloom-560m,486,1
bigscience/bloom-560m,487,0
bigscience/bloom-560m,488,0
bigscience/bloom-560m,489,0
bigscience/bloom-560m,490,1
bigscience/bloom-560m,491,1
bigscience/bloom-560m,492,1
bigscience/bloom-560m,493,1
bigscience/bloom-560m,494,1
bigscience/bloom-560m,495,0
bigscience/bloom-560m,496,1
bigscience/bloom-560m,497,1
bigscience/bloom-560m,498,1
bigscience/bloom-560m,499,1
bigscience/bloom-560m,500,0
bigscience/bloom-560m,501,1
bigscience/bloom-560m,502,1
bigscience/bloom-560m,503,0
bigscience/bloom-560m,504,1
bigscience/bloom-560m,505,0
bigscience/bloom-560m,506,1
bigscience/bloom-560m,507,1
bigscience/bloom-560m,508,1
bigscience/bloom-560m,509,1
bigscience/bloom-560m,510,1
bigscience/bloom-560m,511,1
bigscience/bloom-560m,512,0
bigscience/bloom-560m,513,1
bigscience/bloom-560m,514,0
bigscience/bloom-560m,515,0
bigscience/bloom-560m,516,1
bigscience/bloom-560m,517,1
bigscience/bloom-560m,518,1
bigscience/bloom-560m,519,0
bigscience/bloom-560m,520,0
bigscience/bloom-560m,521,1
bigscience/bloom-560m,522,0
bigscience/bloom-560m,523,0
bigscience/bloom-560m,524,0
bigscience/bloom-560m,525,0
bigscience/bloom-560m,526,0
bigscience/bloom-560m,527,1
bigscience/bloom-560m,528,1
bigscience/bloom-560m,529,1
bigscience/bloom-560m,530,1
bigscience/bloom-560m,531,0
bigscience/bloom-560m,532,0
bigscience/bloom-560m,533,1
bigscience/bloom-560m,534,0
bigscience/bloom-560m,535,0
bigscience/bloom-560m,536,1
bigscience/bloom-560m,537,0
bigscience/bloom-560m,538,0
bigscience/bloom-560m,539,1
bigscience/bloom-560m,540,0
bigscience/bloom-560m,541,0
bigscience/bloom-560m,542,1
bigscience/bloom-560m,543,1
bigscience/bloom-560m,544,1
bigscience/bloom-560m,545,0
bigscience/bloom-560m,546,0
bigscience/bloom-560m,547,1
bigscience/bloom-560m,548,0
bigscience/bloom-560m,549,1
bigscience/bloom-560m,550,0
bigscience/bloom-560m,551,0
bigscience/bloom-560m,552,1
bigscience/bloom-560m,553,0
bigscience/bloom-560m,554,0
bigscience/bloom-560m,555,0
bigscience/bloom-560m,556,1
bigscience/bloom-560m,557,0
bigscience/bloom-560m,558,0
bigscience/bloom-560m,559,1
bigscience/bloom-560m,560,1
bigscience/bloom-560m,561,1
bigscience/bloom-560m,562,1
bigscience/bloom-560m,563,1
bigscience/bloom-560m,564,0
bigscience/bloom-560m,565,0
bigscience/bloom-560m,566,1
bigscience/bloom-560m,567,0
bigscience/bloom-560m,568,0
bigscience/bloom-560m,569,0
bigscience/bloom-560m,570,0
bigscience/bloom-560m,571,1
bigscience/bloom-560m,572,0
bigscience/bloom-560m,573,0
bigscience/bloom-560m,574,1
bigscience/bloom-560m,575,0
bigscience/bloom-560m,576,0
bigscience/bloom-560m,577,1
bigscience/bloom-560m,578,1
bigscience/bloom-560m,579,0
bigscience/bloom-560m,580,0
bigscience/bloom-560m,581,0
bigscience/bloom-560m,582,0
bigscience/bloom-560m,583,1
bigscience/bloom-560m,584,0
bigscience/bloom-560m,585,1
bigscience/bloom-560m,586,1
bigscience/bloom-560m,587,0
bigscience/bloom-560m,588,1
bigscience/bloom-560m,589,0
bigscience/bloom-560m,590,0
bigscience/bloom-560m,591,0
bigscience/bloom-560m,592,1
bigscience/bloom-560m,593,0
bigscience/bloom-560m,594,1
bigscience/bloom-560m,595,0
bigscience/bloom-560m,596,0
bigscience/bloom-560m,597,1
bigscience/bloom-560m,598,1
bigscience/bloom-560m,599,0
bigscience/bloom-560m,600,1
bigscience/bloom-560m,601,0
bigscience/bloom-560m,602,1
bigscience/bloom-560m,603,0
bigscience/bloom-560m,604,0
bigscience/bloom-560m,605,0
bigscience/bloom-560m,606,1
bigscience/bloom-560m,607,0
bigscience/bloom-560m,608,1
bigscience/bloom-560m,609,1
bigscience/bloom-560m,610,0
bigscience/bloom-560m,611,1
bigscience/bloom-560m,612,0
bigscience/bloom-560m,613,1
bigscience/bloom-560m,614,0
bigscience/bloom-560m,615,1
bigscience/bloom-560m,616,0
bigscience/bloom-560m,617,0
bigscience/bloom-560m,618,0
bigscience/bloom-560m,619,1
bigscience/bloom-560m,620,1
bigscience/bloom-560m,621,1
bigscience/bloom-560m,622,1
bigscience/bloom-560m,623,1
bigscience/bloom-560m,624,0
bigscience/bloom-560m,625,0
bigscience/bloom-560m,626,1
bigscience/bloom-560m,627,1
bigscience/bloom-560m,628,1
bigscience/bloom-560m,629,0
bigscience/bloom-560m,630,0
bigscience/bloom-560m,631,0
bigscience/bloom-560m,632,0
bigscience/bloom-560m,633,1
bigscience/bloom-560m,634,1
bigscience/bloom-560m,635,1
bigscience/bloom-560m,636,1
bigscience/bloom-560m,637,1
bigscience/bloom-560m,638,0
bigscience/bloom-560m,639,1
bigscience/bloom-560m,640,0
bigscience/bloom-560m,641,0
bigscience/bloom-560m,642,0
bigscience/bloom-560m,643,1
bigscience/bloom-560m,644,0
bigscience/bloom-560m,645,1
bigscience/bloom-560m,646,0
bigscience/bloom-560m,647,0
bigscience/bloom-560m,648,0
bigscience/bloom-560m,649,1
bigscience/bloom-560m,650,1
bigscience/bloom-560m,651,1
bigscience/bloom-560m,652,0
bigscience/bloom-560m,653,1
bigscience/bloom-560m,654,0
bigscience/bloom-560m,655,1
bigscience/bloom-560m,656,1
bigscience/bloom-560m,657,0
bigscience/bloom-560m,658,1
bigscience/bloom-560m,659,1
bigscience/bloom-560m,660,0
bigscience/bloom-560m,661,1
bigscience/bloom-560m,662,0
bigscience/bloom-560m,663,1
bigscience/bloom-560m,664,0
bigscience/bloom-560m,665,0
bigscience/bloom-560m,666,0
bigscience/bloom-560m,667,1
bigscience/bloom-560m,668,0
bigscience/bloom-560m,669,1
bigscience/bloom-560m,670,1
bigscience/bloom-560m,671,0
bigscience/bloom-560m,672,0
bigscience/bloom-560m,673,1
bigscience/bloom-560m,674,1
bigscience/bloom-560m,675,0
bigscience/bloom-560m,676,0
bigscience/bloom-560m,677,0
bigscience/bloom-560m,678,1
bigscience/bloom-560m,679,1
bigscience/bloom-560m,680,1
bigscience/bloom-560m,681,1
bigscience/bloom-560m,682,1
bigscience/bloom-560m,683,1
bigscience/bloom-560m,684,1
bigscience/bloom-560m,685,1
bigscience/bloom-560m,686,0
bigscience/bloom-560m,687,0
bigscience/bloom-560m,688,0
bigscience/bloom-560m,689,0
bigscience/bloom-560m,690,0
bigscience/bloom-560m,691,1
bigscience/bloom-560m,692,0
bigscience/bloom-560m,693,0
bigscience/bloom-560m,694,0
bigscience/bloom-560m,695,0
bigscience/bloom-560m,696,0
bigscience/bloom-560m,697,0
bigscience/bloom-560m,698,1
bigscience/bloom-560m,699,0
bigscience/bloom-560m,700,0
bigscience/bloom-560m,701,0
bigscience/bloom-560m,702,0
bigscience/bloom-560m,703,1
bigscience/bloom-560m,704,1
bigscience/bloom-560m,705,1
bigscience/bloom-560m,706,0
bigscience/bloom-560m,707,0
bigscience/bloom-560m,708,1
bigscience/bloom-560m,709,1
bigscience/bloom-560m,710,0
bigscience/bloom-560m,711,0
bigscience/bloom-560m,712,0
bigscience/bloom-560m,713,0
bigscience/bloom-560m,714,1
bigscience/bloom-560m,715,1
bigscience/bloom-560m,716,1
bigscience/bloom-560m,717,1
bigscience/bloom-560m,718,1
bigscience/bloom-560m,719,1
bigscience/bloom-560m,720,1
bigscience/bloom-560m,721,0
bigscience/bloom-560m,722,0
bigscience/bloom-560m,723,0
bigscience/bloom-560m,724,0
bigscience/bloom-560m,725,0
bigscience/bloom-560m,726,0
bigscience/bloom-560m,727,1
bigscience/bloom-560m,728,1
bigscience/bloom-560m,729,0
bigscience/bloom-560m,730,1
bigscience/bloom-560m,731,0
bigscience/bloom-560m,732,0
bigscience/bloom-560m,733,1
bigscience/bloom-560m,734,0
bigscience/bloom-560m,735,0
bigscience/bloom-560m,736,1
bigscience/bloom-560m,737,1
bigscience/bloom-560m,738,1
bigscience/bloom-560m,739,1
bigscience/bloom-560m,740,1
bigscience/bloom-560m,741,0
bigscience/bloom-560m,742,1
bigscience/bloom-560m,743,0
bigscience/bloom-560m,744,1
bigscience/bloom-560m,745,0
bigscience/bloom-560m,746,0
bigscience/bloom-560m,747,0
bigscience/bloom-560m,748,1
bigscience/bloom-560m,749,1
bigscience/bloom-560m,750,1
bigscience/bloom-560m,751,0
bigscience/bloom-560m,752,1
bigscience/bloom-560m,753,1
bigscience/bloom-560m,754,0
bigscience/bloom-560m,755,0
bigscience/bloom-560m,756,0
bigscience/bloom-560m,757,1
bigscience/bloom-560m,758,1
bigscience/bloom-560m,759,1
bigscience/bloom-560m,760,1
bigscience/bloom-560m,761,0
bigscience/bloom-560m,762,0
bigscience/bloom-560m,763,1
bigscience/bloom-560m,764,0
bigscience/bloom-560m,765,0
bigscience/bloom-560m,766,1
bigscience/bloom-560m,767,0
bigscience/bloom-560m,768,1
bigscience/bloom-560m,769,0
bigscience/bloom-560m,770,0
bigscience/bloom-560m,771,1
bigscience/bloom-560m,772,0
bigscience/bloom-560m,773,0
bigscience/bloom-560m,774,0
bigscience/bloom-560m,775,1
bigscience/bloom-560m,776,0
bigscience/bloom-560m,777,0
bigscience/bloom-560m,778,1
bigscience/bloom-560m,779,1
bigscience/bloom-560m,780,0
bigscience/bloom-560m,781,1
bigscience/bloom-560m,782,0
bigscience/bloom-560m,783,0
bigscience/bloom-560m,784,1
bigscience/bloom-560m,785,0
bigscience/bloom-560m,786,0
bigscience/bloom-560m,787,1
bigscience/bloom-560m,788,0
bigscience/bloom-560m,789,1
